{"initial_reset_timestamp": 1629558678.9901166, "timestamps": [1629558681.0630214], "episode_lengths": [87], "episode_rewards": [25.896576640053937], "episode_types": ["t", "t", "t"]}