{
  "config": {
    "run_name": "exp1_1",
    "out_dir": "./results",
    "seed": 1808150223,
    "device": null,
    "bs_train": 128,
    "bs_test": 32,
    "batches": 100,
    "epochs": 100,
    "early_stopping": 3,
    "checkpoints": null,
    "lr": 0.001,
    "reg": 0.001,
    "filters_per_layer": [
      32
    ],
    "layers_per_block": 4,
    "pool_every": 8,
    "hidden_dims": [
      1000,
      500,
      100
    ],
    "model_type": "cnn",
    "kw": {}
  },
  "results": {
    "num_epochs": 100,
    "train_loss": [
      2.109050090312958,
      1.755658723115921,
      1.5984608876705169,
      1.4898214101791383,
      1.3834339916706084,
      1.251325854063034,
      1.1628079015016555,
      1.013582090139389,
      0.8393466973304748,
      0.7131027448177337,
      0.6594167533516884,
      0.4983085596561432,
      0.30007755279541015,
      0.24657729610800744,
      0.22663759864866734,
      0.1655317099392414,
      0.11353480970486998,
      0.07466966944746672,
      0.05197157138958573,
      0.023773749948013574,
      0.012624526153085753,
      0.00458725726348348,
      0.0054974856895569245,
      0.0020194777846336363,
      0.00128157850507705,
      0.0005295737427513813,
      0.0004151434548111865,
      0.00033744923764970734,
      0.0001913276307641354,
      0.00012319863881202764,
      9.526778791041579e-05,
      7.846871441870462e-05,
      6.592417122192274e-05,
      5.723562643652258e-05,
      4.9756816606532085e-05,
      4.4078456294300847e-05,
      3.920222541637486e-05,
      3.505088654492283e-05,
      3.152609638163994e-05,
      2.8445234042919766e-05,
      2.575908536073257e-05,
      2.3449618674931115e-05,
      2.133703624622285e-05,
      1.9494653665788066e-05,
      1.7858476762739884e-05,
      1.6266791217276477e-05,
      1.4754713840829935e-05,
      1.3328365857887548e-05,
      1.210486685295109e-05,
      1.099750556932122e-05,
      1.0022785434102843e-05,
      9.14851638754044e-06,
      8.37907846971575e-06,
      7.691898244956974e-06,
      7.01557557704291e-06,
      6.300302186446061e-06,
      5.638698239636142e-06,
      5.080170236624326e-06,
      4.610223533063617e-06,
      4.1953090214974505e-06,
      3.833920084161946e-06,
      3.5177221934645787e-06,
      3.2328229173117507e-06,
      2.9737824939957136e-06,
      2.7441876125067212e-06,
      2.5365328519910692e-06,
      2.3521678753013474e-06,
      2.183764833034729e-06,
      2.029386053550297e-06,
      1.8727154730413532e-06,
      1.690033716954531e-06,
      1.503886734894877e-06,
      1.3374731810245067e-06,
      1.1985231185462908e-06,
      1.0847831853766364e-06,
      9.881045853887827e-07,
      9.041753696692467e-07,
      8.318780645311108e-07,
      7.687540572476337e-07,
      7.115717178862724e-07,
      6.606756507210321e-07,
      6.132719559559519e-07,
      5.707203430915797e-07,
      5.314562453406779e-07,
      4.955820894991802e-07,
      4.6282780516548885e-07,
      4.3234590656027196e-07,
      4.039966962210428e-07,
      3.779850771934434e-07,
      3.5412477380702965e-07,
      3.3173594474078525e-07,
      3.1073476534970724e-07,
      2.910187838267575e-07,
      2.7318406495169254e-07,
      2.5655073933705806e-07,
      2.4136094609161776e-07,
      2.2648780127809688e-07,
      2.1314200829181118e-07,
      2.0045744886232342e-07,
      1.8848069117893827e-07
    ],
    "train_acc": [
      20.5234375,
      34.8515625,
      40.8984375,
      45.3515625,
      49.0625,
      54.2109375,
      57.6640625,
      63.609375,
      69.9765625,
      74.65625,
      76.5703125,
      82.796875,
      89.8203125,
      91.671875,
      92.484375,
      94.578125,
      96.2578125,
      97.671875,
      98.4140625,
      99.3125,
      99.671875,
      99.875,
      99.859375,
      99.953125,
      99.96875,
      99.9921875,
      99.9921875,
      99.9921875,
      100.0,
      100.0,
      100.0,
      100.0,
      100.0,
      100.0,
      100.0,
      100.0,
      100.0,
      100.0,
      100.0,
      100.0,
      100.0,
      100.0,
      100.0,
      100.0,
      100.0,
      100.0,
      100.0,
      100.0,
      100.0,
      100.0,
      100.0,
      100.0,
      100.0,
      100.0,
      100.0,
      100.0,
      100.0,
      100.0,
      100.0,
      100.0,
      100.0,
      100.0,
      100.0,
      100.0,
      100.0,
      100.0,
      100.0,
      100.0,
      100.0,
      100.0,
      100.0,
      100.0,
      100.0,
      100.0,
      100.0,
      100.0,
      100.0,
      100.0,
      100.0,
      100.0,
      100.0,
      100.0,
      100.0,
      100.0,
      100.0,
      100.0,
      100.0,
      100.0,
      100.0,
      100.0,
      100.0,
      100.0,
      100.0,
      100.0,
      100.0,
      100.0,
      100.0,
      100.0,
      100.0,
      100.0
    ],
    "test_loss": [
      1.8453300499916077,
      1.6705207526683807,
      1.5624998092651368,
      1.5137218749523162,
      1.4619430410861969,
      1.522222445011139,
      1.4747555923461915,
      1.4564972388744355,
      1.6167779678106309,
      2.0780030059814454,
      2.0818790876865387,
      2.1571291840076445,
      2.356658775806427,
      2.5278377652168276,
      2.8261654245853425,
      2.6085795867443085,
      2.8656386268138885,
      3.1014149594306946,
      3.379859354496002,
      3.692049331665039,
      3.938099275827408,
      4.119093157052994,
      4.205408567190171,
      4.485099239349365,
      4.58201137304306,
      4.6786716318130495,
      4.768090982437133,
      4.826759510040283,
      4.917458446025848,
      4.9741207385063175,
      5.027416429519653,
      5.0754495620727536,
      5.1226158571243285,
      5.1670676875114445,
      5.2102618932724,
      5.251843364238739,
      5.292274580001831,
      5.331861310005188,
      5.3700816702842715,
      5.407214171886444,
      5.444135863780975,
      5.479241361618042,
      5.514988260269165,
      5.550061178207398,
      5.5855165958404545,
      5.624029030799866,
      5.661961295604706,
      5.701991002559662,
      5.743321497440338,
      5.781572020053863,
      5.8208533596992496,
      5.858843741416931,
      5.895948400497437,
      5.934172792434692,
      5.977959911823273,
      6.029090287685395,
      6.077352547645569,
      6.121419570446014,
      6.16611123085022,
      6.208820722103119,
      6.250112438201905,
      6.291361312866211,
      6.333999359607697,
      6.373337180614471,
      6.412863845825195,
      6.4507897758483885,
      6.488709361553192,
      6.525382783412933,
      6.563222756385803,
      6.605864429473877,
      6.651122591495514,
      6.70104248046875,
      6.750429306030274,
      6.798626494407654,
      6.8437415432929996,
      6.887521858215332,
      6.930106654167175,
      6.971787085533142,
      7.012356998920441,
      7.052055554389954,
      7.091441886425018,
      7.131061396598816,
      7.169333260059357,
      7.206671657562256,
      7.243988122940063,
      7.280492849349976,
      7.31760020494461,
      7.35358939409256,
      7.389478044509888,
      7.424655127525329,
      7.4595907330513,
      7.494322397708893,
      7.529010210037232,
      7.5633535790443425,
      7.597341585159302,
      7.630871121883392,
      7.664419498443603,
      7.697472896575928,
      7.730816128253937,
      7.764289650917053
    ],