{
  "config": {
    "run_name": "exp1_1_L32",
    "out_dir": "./results",
    "seed": 42437234,
    "device": null,
    "bs_train": 128,
    "bs_test": 32,
    "batches": 100,
    "epochs": 100,
    "early_stopping": 3,
    "checkpoints": null,
    "lr": 0.001,
    "reg": 0.001,
    "filters_per_layer": [
      32
    ],
    "layers_per_block": 2,
    "pool_every": 4,
    "hidden_dims": [
      1000,
      500,
      100
    ],
    "model_type": "cnn",
    "kw": {}
  },
  "results": {
    "num_epochs": 100,
    "train_loss": [
      1.9890316104888917,
      1.6258139836788177,
      1.4488744568824767,
      1.2823713254928588,
      1.0949806720018387,
      0.9307661175727844,
      0.8032547903060913,
      0.6551332458853721,
      0.49340617686510085,
      0.3770610512793064,
      0.2868317127227783,
      0.20905630707740783,
      0.1378952030465007,
      0.09640523435547949,
      0.058662863317877054,
      0.038821753314696256,
      0.021673378306441008,
      0.009142118833260611,
      0.0047272890893509615,
      0.0037640139114228075,
      0.0022653775798971766,
      0.00113631568805431,
      0.0003209465306281345,
      0.00022181343389092944,
      0.00017738587164785712,
      0.00014886512704833876,
      0.00012783081969246267,
      0.00011173079547006637,
      9.87474790235865e-05,
      8.811939820589031e-05,
      7.915238275018055e-05,
      7.154986897148775e-05,
      6.500402525489335e-05,
      5.930784735028283e-05,
      5.4297305050567955e-05,
      4.9862572977872334e-05,
      4.590552769514033e-05,
      4.2350884941697584e-05,
      3.912607957317959e-05,
      3.6240196332073536e-05,
      3.360527856784756e-05,
      3.122214997347328e-05,
      2.9040730942142547e-05,
      2.7036173642045468e-05,
      2.5212653845301247e-05,
      2.351226222344849e-05,
      2.1953704117549932e-05,
      2.050969460469787e-05,
      1.9162398602929896e-05,
      1.791770171621465e-05,
      1.6760390290073703e-05,
      1.5682691769143274e-05,
      1.4686037698083965e-05,
      1.3762801359007426e-05,
      1.2900535889457387e-05,
      1.2097262729184877e-05,
      1.1347778881827253e-05,
      1.065070604909124e-05,
      9.996534927267931e-06,
      9.385551970808592e-06,
      8.814114380584215e-06,
      8.27759150070051e-06,
      7.771792634230223e-06,
      7.299482720100059e-06,
      6.856842717297696e-06,
      6.444557288887154e-06,
      6.058216197288857e-06,
      5.694615226730093e-06,
      5.35407841880442e-06,
      5.032353333263018e-06,
      4.732082795726456e-06,
      4.451191182397452e-06,
      4.1843987605716395e-06,
      3.935764777907025e-06,
      3.7035208231372965e-06,
      3.4833647691812074e-06,
      3.277158481296283e-06,
      3.0847537618683417e-06,
      2.902220091982599e-06,
      2.7304986372200803e-06,
      2.569430831727004e-06,
      2.418513904558495e-06,
      2.276360190762716e-06,
      2.1432397522858083e-06,
      2.019320695580973e-06,
      1.9008866559033776e-06,
      1.790312691696272e-06,
      1.6872450169103103e-06,
      1.5886288827005046e-06,
      1.497071941116701e-06,
      1.4099852177196226e-06,
      1.329343034512931e-06,
      1.2528730889016514e-06,
      1.18064988214428e-06,
      1.112496442488009e-06,
      1.0488039271194793e-06,
      9.881847267934062e-07,
      9.321102950821114e-07,
      8.788763526013099e-07,
      8.28399085150977e-07
    ],
    "train_acc": [
      25.9609375,
      40.3515625,
      47.3203125,
      53.453125,
      60.578125,
      66.3046875,
      71.4609375,
      76.71875,
      82.78125,
      87.203125,
      89.890625,
      92.8671875,
      95.59375,
      96.8203125,
      98.296875,
      98.984375,
      99.4453125,
      99.84375,
      99.9296875,
      99.921875,
      99.921875,
      99.9765625,
      100.0,
      100.0,
      100.0,
      100.0,
      100.0,
      100.0,
      100.0,
      100.0,
      100.0,
      100.0,
      100.0,
      100.0,
      100.0,
      100.0,
      100.0,
      100.0,
      100.0,
      100.0,
      100.0,
      100.0,
      100.0,
      100.0,
      100.0,
      100.0,
      100.0,
      100.0,
      100.0,
      100.0,
      100.0,
      100.0,
      100.0,
      100.0,
      100.0,
      100.0,
      100.0,
      100.0,
      100.0,
      100.0,
      100.0,
      100.0,
      100.0,
      100.0,
      100.0,
      100.0,
      100.0,
      100.0,
      100.0,
      100.0,
      100.0,
      100.0,
      100.0,
      100.0,
      100.0,
      100.0,
      100.0,
      100.0,
      100.0,
      100.0,
      100.0,
      100.0,
      100.0,
      100.0,
      100.0,
      100.0,
      100.0,
      100.0,
      100.0,
      100.0,
      100.0,
      100.0,
      100.0,
      100.0,
      100.0,
      100.0,
      100.0,
      100.0,
      100.0,
      100.0
    ],
    "test_loss": [
      1.739048479795456,
      1.5304075646400452,
      1.4922598421573638,
      1.4375184255838394,
      1.4202142256498336,
      1.459372485280037,
      1.5608117508888244,
      1.509508410692215,
      1.9027259343862533,
      1.857954841852188,
      2.0485417515039446,
      2.2846448004245756,
      2.221304135322571,
      2.4137061297893525,
      2.667129074335098,
      2.7493985426425933,
      2.9016529965400695,
      3.2229321908950808,
      3.2763065421581268,
      3.350331208705902,
      3.4082622730731966,
      3.479985829591751,
      3.566488208770752,
      3.627206439971924,
      3.681552039384842,
      3.728120211362839,
      3.7708800733089447,
      3.809682548046112,
      3.84643381357193,
      3.880963349342346,
      3.913453701734543,
      3.9444631695747376,
      3.9743247175216676,
      4.002998558282852,
      4.030693057775498,
      4.057471426725388,
      4.083944239616394,
      4.109320824146271,
      4.134438897371292,
      4.158969888687134,
      4.183307309150695,
      4.20696527838707,
      4.230344910621643,
      4.253755936622619,
      4.276406636238098,
      4.299202436208725,
      4.32143784403801,
      4.343990154266358,
      4.3663738298416135,
      4.388663524389267,
      4.411012318134308,
      4.433038133382797,
      4.454467526674271,
      4.475922394990921,
      4.496920058727264,
      4.517899630069732,
      4.538956537246704,
      4.559781702756882,
      4.580467985868454,
      4.6011642384529114,
      4.622018593549728,
      4.6427333557605746,
      4.663867822885513,
      4.684492812156678,
      4.705181484222412,
      4.7258248615264895,
      4.746091899871826,
      4.766881281137467,
      4.7873939561843875,
      4.808153340816498,
      4.828786164522171,
      4.84919084072113,
      4.869902079105377,
      4.890305655002594,
      4.911147344112396,
      4.9317301487922665,
      4.952190744876861,
      4.972556984424591,
      4.993449671268463,
      5.013956780433655,
      5.034576976299286,
      5.055139372348785,
      5.075810577869415,
      5.096179733276367,
      5.116727061271668,
      5.137418916225434,
      5.157928907871247,
      5.178235714435577,
      5.198844079971313,
      5.219145157337189,
      5.239444603919983,
      5.26022346496582,
      5.280649132728577,
      5.301089236736297,
      5.321472041606903,
      5.342097024917603,
      5.362305262088776,
      5.382860808372498,
      5.402888751029968,
      5.423685286045075
    ],