{
  "config": {
    "run_name": "exp1_1",
    "out_dir": "./results",
    "seed": 523618560,
    "device": null,
    "bs_train": 128,
    "bs_test": 32,
    "batches": 100,
    "epochs": 100,
    "early_stopping": 3,
    "checkpoints": null,
    "lr": 0.001,
    "reg": 0.001,
    "filters_per_layer": [
      32
    ],
    "layers_per_block": 8,
    "pool_every": 8,
    "hidden_dims": [
      1000,
      500,
      100
    ],
    "model_type": "cnn",
    "kw": {}
  },
  "results": {
    "num_epochs": 49,
    "train_loss": [
      2.2142598032951355,
      1.84367320895195,
      1.6297037017345428,
      1.4913560628890992,
      1.388532339334488,
      1.2759259617328644,
      1.137057752609253,
      1.004166841506958,
      0.8722604787349701,
      0.7803787630796433,
      0.661892215013504,
      0.5231756979227066,
      0.4545258094370365,
      0.37864728838205336,
      0.2940448983758688,
      0.19071835093200207,
      0.1358995021134615,
      0.12979772221297026,
      0.0733571012225002,
      0.06433329984545708,
      0.0617759918468073,
      0.05186820494011044,
      0.03580773000838235,
      0.035127373959403484,
      0.04201241354923695,
      0.04332461893558502,
      0.032242352787870916,
      0.03756642723921686,
      0.024113196509424596,
      0.02408954328740947,
      0.02802498625009321,
      0.02545148453034926,
      0.019955862305941992,
      0.019049602374434472,
      0.027955587753094733,
      0.016730310240527613,
      0.023089125213446096,
      0.016622640232089907,
      0.01505745688395109,
      0.025864026300259867,
      0.015966410754481332,
      0.025208190097037005,
      0.01806237749318825,
      0.014595120473240969,
      0.02293617172865197,
      0.015686340334650595,
      0.01575776973826578,
      0.021787085458345245,
      0.026272785443579777
    ],
    "train_acc": [
      16.46875,
      32.1484375,
      39.484375,
      44.640625,
      49.0078125,
      53.2265625,
      59.2421875,
      64.1953125,
      69.40625,
      72.484375,
      77.125,
      81.984375,
      84.0625,
      87.1328125,
      90.0625,
      93.6953125,
      95.5,
      95.71875,
      97.59375,
      97.9296875,
      98.0546875,
      98.2734375,
      98.90625,
      98.8828125,
      98.78125,
      98.6171875,
      99.0234375,
      98.8828125,
      99.265625,
      99.3203125,
      99.0390625,
      99.2265625,
      99.2734375,
      99.3515625,
      99.0234375,
      99.5390625,
      99.359375,
      99.4453125,
      99.453125,
      99.1875,
      99.515625,
      99.234375,
      99.5625,
      99.5078125,
      99.3125,
      99.5,
      99.484375,
      99.3828125,
      99.2421875
    ],
    "test_loss": [
      1.989953361749649,
      1.7149489307403565,
      1.5720056176185608,
      1.5531639623641968,
      1.5066854417324067,
      1.414687316417694,
      1.441688221693039,
      1.4829017651081084,
      1.609703084230423,
      1.7707072460651399,
      1.863269550204277,
      2.3656129455566406,
      2.6507351422309875,
      2.5396870958805082,
      3.020305368900299,
      2.97250550866127,
      3.208583312034607,
      3.1338165163993836,
      3.398587614297867,
      3.656337229013443,
      3.7922580742836,
      4.447979319095611,
      4.58839848279953,
      4.309392193555832,
      4.072979352474213,
      3.752057149410248,
      4.053107893466949,
      4.430200552940368,
      4.197799100875854,
      4.231188678741455,
      4.36742262840271,
      4.433263771533966,
      4.472051081657409,
      4.807465689182282,
      4.320083117485046,
      4.585520231723786,
      4.624272096157074,
      4.446377222537994,
      4.838084652423858,
      4.294960680007935,
      4.270993628501892,
      3.7837806487083436,
      4.157669448852539,
      4.449910535812378,
      4.578146994113922,
      4.568371388912201,
      4.373159329891205,
      4.431582896709442,
      3.9020200312137603
    ],
    "test_acc": [
      27.15625,
      37.9375,
      43.625,
      45.125,
      47.90625,
      48.625,
      48.875,
      50.375,
      49.75,
      47.59375,
      47.40625,
      44.8125,
      42.65625,
      46.46875,
      46.84375,
      49.75,
      48.8125,
      49.5625,
      49.0,
      50.71875,
      50.125,
      49.8125,
      50.5,
      50.65625,
      51.5,
      51.03125,
      50.9375,
      48.25,
      52.3125,
      50.625,
      51.21875,
      50.46875,
      51.28125,
      50.65625,
      50.96875,
      51.40625,
      50.5625,
      50.65625,
      51.3125,
      51.15625,
      52.40625,
      51.90625,
      52.125,
      50.875,
      51.8125,
      51.75,
      51.6875,
      50.9375,
      51.25
    ]
  }
}