{
  "config": {
    "run_name": "exp1_4",
    "out_dir": "./results",
    "seed": 1808766472,
    "device": null,
    "bs_train": 128,
    "bs_test": 32,
    "batches": 100,
    "epochs": 100,
    "early_stopping": 3,
    "checkpoints": null,
    "lr": 0.001,
    "reg": 0.001,
    "filters_per_layer": [
      64,
      128,
      256
    ],
    "layers_per_block": 2,
    "pool_every": 8,
    "hidden_dims": [
      1000,
      500,
      100
    ],
    "model_type": "resnet",
    "kw": {}
  },
  "results": {
    "num_epochs": 32,
    "train_loss": [
      2.4540364360809326,
      1.8509501457214355,
      1.592792316675186,
      1.4426464891433717,
      1.322945327758789,
      1.2022054797410966,
      1.0897183674573898,
      0.9488309961557388,
      0.8722136843204499,
      0.7025184339284897,
      0.5301164762675762,
      0.46379677280783654,
      0.38293123498559,
      0.24879638344049454,
      0.15090551305562258,
      0.1175063257291913,
      0.08370720316655934,
      0.06115290590561926,
      0.054485665103420615,
      0.045076050404459236,
      0.027704833563184365,
      0.019221345834666864,
      0.01382730032375548,
      0.008998588856193236,
      0.006045753037469694,
      0.004151157826418057,
      0.006145566735212924,
      0.023313340386084746,
      0.014416876110481099,
      0.014571822518482803,
      0.018234625649492953,
      0.05802691832650453
    ],
    "train_acc": [
      13.171875,
      32.4921875,
      41.65625,
      47.265625,
      51.90625,
      56.671875,
      60.71875,
      66.3359375,
      69.4375,
      75.7734375,
      82.0546875,
      84.40625,
      87.0859375,
      91.78125,
      95.3046875,
      96.3359375,
      97.34375,
      98.1484375,
      98.3125,
      98.5625,
      99.078125,
      99.3671875,
      99.609375,
      99.6953125,
      99.8203125,
      99.8671875,
      99.828125,
      99.296875,
      99.59375,
      99.625,
      99.453125,
      98.28125
    ],
    "test_loss": [
      2.0602405524253844,
      1.6684690058231353,
      1.5326898360252381,
      1.583884744644165,
      1.4761524510383606,
      1.5681561839580536,
      1.6541193616390228,
      1.682385585308075,
      1.496383503675461,
      2.170202627182007,
      1.9062770891189575,
      2.2260917580127715,
      2.608272122144699,
      2.861154236793518,
      3.0241421020030974,
      3.327617400884628,
      3.3303799843788147,
      3.4229815661907197,
      3.681366592645645,
      3.831738016605377,
      4.105292050838471,
      3.869924340248108,
      4.174577906131744,
      4.197999608516693,
      3.997136080265045,
      4.030091698169708,
      4.48451189994812,
      4.192934865951538,
      4.091964490413666,
      4.193359072208405,
      4.624679696559906,
      3.6143701910972594
    ],
    "test_acc": [
      24.6875,
      40.28125,
      45.3125,
      44.375,
      47.59375,
      47.53125,
      48.28125,
      46.5625,
      49.4375,
      45.875,
      48.75,
      48.1875,
      47.34375,
      48.6875,
      47.15625,
      47.25,
      48.46875,
      48.4375,
      47.3125,
      47.75,
      48.125,
      47.40625,
      48.53125,
      47.4375,
      48.96875,
      48.3125,
      48.125,
      47.4375,
      49.03125,
      47.8125,
      47.4375,
      46.96875
    ]
  }
}