{
  "config": {
    "run_name": "exp1_2",
    "out_dir": "./results",
    "seed": 317888313,
    "device": null,
    "bs_train": 128,
    "bs_test": 32,
    "batches": 100,
    "epochs": 100,
    "early_stopping": 3,
    "checkpoints": null,
    "lr": 0.001,
    "reg": 0.001,
    "filters_per_layer": [
      32
    ],
    "layers_per_block": 2,
    "pool_every": 8,
    "hidden_dims": [
      1000,
      500,
      100
    ],
    "model_type": "cnn",
    "kw": {}
  },
  "results": {
    "num_epochs": 100,
    "train_loss": [
      1.9287048411369323,
      1.5004322814941407,
      1.2732402330636978,
      1.057592505812645,
      0.8987368619441987,
      0.734428049325943,
      0.5355006816983223,
      0.4196577703952789,
      0.26855661913752554,
      0.18681766889989376,
      0.10966834148392081,
      0.08465018078684806,
      0.050718383444473145,
      0.026894144737161695,
      0.008345564579358325,
      0.0026075353301712313,
      0.001211577192589175,
      0.000575133098027436,
      0.00048313453793525697,
      0.0002588702194043435,
      0.00021181953859922942,
      0.0001422740145062562,
      0.00011811198033683468,
      9.916292459820397e-05,
      8.455828072328586e-05,
      7.301255380298243e-05,
      6.335997975838837e-05,
      5.498817719853832e-05,
      4.771617137521389e-05,
      4.1628645067248724e-05,
      3.669139243356767e-05,
      3.224631220291485e-05,
      2.846021046025271e-05,
      2.5222299409506377e-05,
      2.2295067119557642e-05,
      1.9787276223723892e-05,
      1.7525492171444058e-05,
      1.551637970351294e-05,
      1.377724657231738e-05,
      1.2282836983104063e-05,
      1.0869175157495193e-05,
      9.555563178764714e-06,
      8.456943755845713e-06,
      7.482326016088336e-06,
      6.650503789842332e-06,
      5.9390883325249885e-06,
      5.311696750140982e-06,
      4.763871697832656e-06,
      4.297788483427212e-06,
      3.883330181224664e-06,
      3.5172855962173343e-06,
      3.2101240128667996e-06,
      2.924175262251083e-06,
      2.6462567007001782e-06,
      2.4235404907813065e-06,
      2.2063727868726344e-06,
      2.0202443238304113e-06,
      1.8542404615118358e-06,
      1.7033046418646335e-06,
      1.5669062167944503e-06,
      1.4464699808058868e-06,
      1.338978796070478e-06,
      1.2383231887724834e-06,
      1.1462913289506105e-06,
      1.0621195897897451e-06,
      9.833586790364278e-07,
      9.113870066812523e-07,
      8.475548855813031e-07,
      7.876062778677806e-07,
      7.345772897338066e-07,
      6.849009992038191e-07,
      6.37795088778148e-07,
      5.957089490493672e-07,
      5.559324499415652e-07,
      5.195552360248712e-07,
      4.861489081520176e-07,
      4.5518261842403263e-07,
      4.2602306379535546e-07,
      3.9985303388334616e-07,
      3.7469813790380613e-07,
      3.50902951140597e-07,
      3.2939881009497187e-07,
      3.091891909434707e-07,
      2.901716530345766e-07,
      2.7229963450281503e-07,
      2.560853641142558e-07,
      2.4105386586370515e-07,
      2.26366950144552e-07,
      2.1268585769007588e-07,
      2.0030861527686739e-07,
      1.884808463614718e-07,
      1.774167594703613e-07,
      1.6736781027759662e-07,
      1.5753306318089244e-07,
      1.4829436068453105e-07,
      1.3974483344725287e-07,
      1.3186585832158925e-07,
      1.2440597473073468e-07,
      1.1771908940971798e-07,
      1.1091113108818717e-07
    ],
    "train_acc": [
      28.4609375,
      44.578125,
      53.6640625,
      62.015625,
      68.0078125,
      73.9765625,
      81.1484375,
      85.453125,
      90.859375,
      93.78125,
      96.6484375,
      97.484375,
      98.6328125,
      99.234375,
      99.828125,
      99.953125,
      99.9765625,
      99.9921875,
      99.9921875,
      100.0,
      100.0,
      100.0,
      100.0,
      100.0,
      100.0,
      100.0,
      100.0,
      100.0,
      100.0,
      100.0,
      100.0,
      100.0,
      100.0,
      100.0,
      100.0,
      100.0,
      100.0,
      100.0,
      100.0,
      100.0,
      100.0,
      100.0,
      100.0,
      100.0,
      100.0,
      100.0,
      100.0,
      100.0,
      100.0,
      100.0,
      100.0,
      100.0,
      100.0,
      100.0,
      100.0,
      100.0,
      100.0,
      100.0,
      100.0,
      100.0,
      100.0,
      100.0,
      100.0,
      100.0,
      100.0,
      100.0,
      100.0,
      100.0,
      100.0,
      100.0,
      100.0,
      100.0,
      100.0,
      100.0,
      100.0,
      100.0,
      100.0,
      100.0,
      100.0,
      100.0,
      100.0,
      100.0,
      100.0,
      100.0,
      100.0,
      100.0,
      100.0,
      100.0,
      100.0,
      100.0,
      100.0,
      100.0,
      100.0,
      100.0,
      100.0,
      100.0,
      100.0,
      100.0,
      100.0,
      100.0
    ],
    "test_loss": [
      1.6098119843006133,
      1.5063386070728302,
      1.3782874578237534,
      1.3920529121160508,
      1.416350289583206,
      1.4407326704263688,
      1.7658625346422197,
      1.8658551681041717,
      2.0918214654922487,
      2.4247309517860414,
      2.4341409432888033,
      2.63463054895401,
      2.7775181329250334,
      2.9288842248916627,
      3.056305115222931,
      3.2573410880565645,
      3.4030307126045227,
      3.4685621428489686,
      3.5362386822700502,
      3.5973521852493286,
      3.6682880473136903,
      3.721863443851471,
      3.7698735439777376,
      3.815824819803238,
      3.8606883239746095,
      3.9037083697319033,
      3.9457377541065215,
      3.982834438085556,
      4.020826258659363,
      4.061871987581253,
      4.100739728212357,
      4.139483671188355,
      4.175699583292007,
      4.217297438383103,
      4.261458895206451,
      4.300094044208526,
      4.334888525009156,
      4.3766502976417545,
      4.420890078544617,
      4.464066703319549,
      4.509983803033829,
      4.555882574319839,
      4.601194347143173,
      4.650363391637802,
      4.694561800956726,
      4.736412718296051,
      4.7761764192581175,
      4.816343752145767,
      4.852584558725357,
      4.889019076824188,
      4.926372119188309,
      4.960385514497757,
      4.996265438795089,
      5.03224748969078,
      5.064854301214218,
      5.099826377630234,
      5.132094932794571,
      5.163320089578629,
      5.1948580551147465,
      5.224992394447327,
      5.254831354618073,
      5.284656974077225,
      5.315190360546112,
      5.344561264514923,
      5.373432830572129,
      5.402933237552642,
      5.431673891544342,
      5.459821391105652,
      5.487324025630951,
      5.514612339735031,
      5.541916732788086,
      5.568617923259735,
      5.594735672473908,
      5.62114699602127,
      5.6473823463916775,
      5.673122277259827,
      5.699504634141922,
      5.725648683309555,
      5.751048188209534,
      5.776754837036133,
      5.802039897441864,
      5.828207974433899,
      5.8531716179847715,
      5.877752997875214,
      5.903273646831512,
      5.9286502170562745,
      5.953347828388214,
      5.978647201061249,
      6.003123767375946,
      6.027813086509704,
      6.0518754196166995,
      6.07646372795105,
      6.100314702987671,
      6.124382116794586,
      6.147974281311035,
      6.172051656246185,
      6.195676071643829,
      6.219249906539917,
      6.242646522521973,
      6.26678227186203
    ],