{
  "config": {
    "run_name": "exp1_3",
    "out_dir": "./results",
    "seed": 90858268,
    "device": null,
    "bs_train": 128,
    "bs_test": 32,
    "batches": 100,
    "epochs": 100,
    "early_stopping": 3,
    "checkpoints": null,
    "lr": 0.001,
    "reg": 0.001,
    "filters_per_layer": [
      64,
      128,
      256
    ],
    "layers_per_block": 1,
    "pool_every": 8,
    "hidden_dims": [
      1000,
      500,
      100
    ],
    "model_type": "cnn",
    "kw": {}
  },
  "results": {
    "num_epochs": 56,
    "train_loss": [
      1.992762542963028,
      1.5991204190254211,
      1.3762341797351838,
      1.1683593183755874,
      0.9676533454656601,
      0.7667210680246354,
      0.6177822771668434,
      0.4443845841288567,
      0.29261487811803816,
      0.1879577849805355,
      0.13423555739223958,
      0.09362198278307915,
      0.06188923062756658,
      0.04923608626704663,
      0.024014540885109455,
      0.017160889877122828,
      0.010007254999945871,
      0.010488793124386575,
      0.004137072738813003,
      0.008615579909237567,
      0.00788469057471957,
      0.006773100686841644,
      0.031325595421949404,
      0.022035446466179564,
      0.02489673551637679,
      0.021860475876019338,
      0.02457335553772282,
      0.02667537799337879,
      0.02528979633934796,
      0.029526653026696294,
      0.016427510015200823,
      0.009872075284656603,
      0.018779450054862538,
      0.01931372499500867,
      0.009814381689284345,
      0.02271374496020144,
      0.013182905502908397,
      0.021019781222566963,
      0.015956405216420534,
      0.013379790730687091,
      0.022981454721302724,
      0.02567397001461359,
      0.01835397178598214,
      0.019669571753620402,
      0.008753057353169424,
      0.00957391910844308,
      0.007187193639219913,
      0.008792582987589413,
      0.004557148652529577,
      0.007795730583602563,
      0.024058549006585963,
      0.009421232766471803,
      0.007871844852015784,
      0.011158762739651138,
      0.02186827760437154,
      0.028657163359457626
    ],
    "train_acc": [
      25.84375,
      42.2109375,
      49.96875,
      57.703125,
      65.7734375,
      72.8515625,
      78.46875,
      84.6875,
      90.140625,
      93.8359375,
      95.5859375,
      97.140625,
      98.1015625,
      98.4921875,
      99.2890625,
      99.59375,
      99.7421875,
      99.8515625,
      99.8984375,
      99.734375,
      99.78125,
      99.8203125,
      99.28125,
      99.390625,
      99.2578125,
      99.3984375,
      99.21875,
      99.1875,
      99.2578125,
      99.03125,
      99.46875,
      99.65625,
      99.46875,
      99.40625,
      99.65625,
      99.40625,
      99.6015625,
      99.3828125,
      99.5390625,
      99.578125,
      99.296875,
      99.25,
      99.375,
      99.3984375,
      99.703125,
      99.734375,
      99.796875,
      99.7734375,
      99.84375,
      99.7734375,
      99.2734375,
      99.7109375,
      99.796875,
      99.6640625,
      99.3203125,
      99.359375
    ],
    "test_loss": [
      1.756699138879776,
      1.5649156737327576,
      1.3813566762208938,
      1.3415297394990922,
      1.4110343050956726,
      1.544781704545021,
      1.7029242223501206,
      2.021802273988724,
      2.270535227060318,
      2.358687722682953,
      2.641937997341156,
      2.649223438501358,
      2.79342502117157,
      2.865922930240631,
      3.0034031081199646,
      3.1011561596393586,
      3.376602178812027,
      3.284388315677643,
      3.331109809875488,
      3.232069219350815,
      3.4251236128807068,
      3.735770078897476,
      3.133302785158157,
      3.2521740865707396,
      3.114428265094757,
      3.236565535068512,
      3.1411119318008422,
      3.084046894311905,
      3.3191148579120635,
      3.1311215794086458,
      3.320907274484634,
      3.5568779945373534,
      3.6385223937034605,
      3.290444129705429,
      3.7688334715366363,
      3.2167826628685,
      3.4815121912956237,
      3.4314736521244047,
      3.7940032649040223,
      3.650347831249237,
      3.4104048573970793,
      3.1855666732788084,
      3.5917266595363615,
      3.411383810043335,
      3.5706425702571867,
      3.685541651248932,
      4.135354655981064,
      3.709603714942932,
      3.609103901386261,
      3.867018996477127,
      3.1911149525642397,
      3.6611657583713533,
      3.7605887854099276,
      3.8614886808395386,
      3.858681800365448,
      3.2571637189388274
    ],
    "test_acc": [
      35.4375,
      43.8125,
      50.9375,
      53.84375,
      54.375,
      54.625,
      53.40625,
      50.84375,
      51.09375,
      53.59375,
      51.4375,
      54.15625,
      53.25,
      54.40625,
      54.1875,
      54.96875,
      54.25,
      55.375,
      54.875,
      54.6875,
      55.28125,
      54.3125,
      53.5625,
      53.375,
      53.75,
      53.28125,
      53.84375,
      53.15625,
      51.71875,
      53.1875,
      54.09375,
      54.375,
      51.8125,
      53.8125,
      53.0625,
      54.125,
      53.5,
      53.5625,
      52.65625,
      52.40625,
      52.90625,
      53.125,
      53.0,
      53.75,
      52.1875,
      51.4375,
      52.40625,
      51.625,
      53.8125,
      51.0625,
      53.21875,
      53.71875,
      53.625,
      51.375,
      52.15625,
      51.46875
    ]
  }
}