{
  "config": {
    "run_name": "exp1_1",
    "out_dir": "./results",
    "seed": 2117449270,
    "device": null,
    "bs_train": 128,
    "bs_test": 32,
    "batches": 100,
    "epochs": 100,
    "early_stopping": 3,
    "checkpoints": null,
    "lr": 0.001,
    "reg": 0.001,
    "filters_per_layer": [
      64
    ],
    "layers_per_block": 4,
    "pool_every": 8,
    "hidden_dims": [
      1000,
      500,
      100
    ],
    "model_type": "cnn",
    "kw": {}
  },
  "results": {
    "num_epochs": 100,
    "train_loss": [
      1.985773013830185,
      1.637023229598999,
      1.4371032774448396,
      1.2779801988601684,
      1.1284579491615296,
      0.9317517733573913,
      0.7353061372041703,
      0.5592612373828888,
      0.38147063836455347,
      0.25561263285577296,
      0.17981501940637826,
      0.1596511092223227,
      0.10484532179310918,
      0.06219735356513411,
      0.024866105397231875,
      0.012535309916711413,
      0.011037519569508731,
      0.012419572822691407,
      0.003900838036497589,
      0.0038749732576252426,
      0.0011407811176104587,
      0.0001933719853150251,
      6.874855606838538e-05,
      4.263408582119155e-05,
      3.093922501193447e-05,
      2.2924546933609235e-05,
      1.7361836130476148e-05,
      1.352224673382807e-05,
      1.076242972885666e-05,
      8.770968756834918e-06,
      7.316234947438716e-06,
      6.262696623480224e-06,
      5.4325548285305555e-06,
      4.753229498533074e-06,
      4.202978418561543e-06,
      3.751204177433465e-06,
      3.373727235498336e-06,
      3.050574848373344e-06,
      2.7652568007852097e-06,
      2.52167563473904e-06,
      2.304513205899639e-06,
      2.111460205469484e-06,
      1.9370412331909392e-06,
      1.781396186402162e-06,
      1.6409119214699785e-06,
      1.5111184131910705e-06,
      1.3950050987432405e-06,
      1.2878412428563023e-06,
      1.1877364110546295e-06,
      1.0986764658582615e-06,
      1.0174764298653826e-06,
      9.411749104515366e-07,
      8.727614032011388e-07,
      8.112673577898021e-07,
      7.546905374056223e-07,
      7.041764474990941e-07,
      6.578252688882458e-07,
      6.146404858498045e-07,
      5.746686608176787e-07,
      5.372020382310438e-07,
      5.022592356596078e-07,
      4.6941185345872326e-07,
      4.392466368585701e-07,
      4.1083227131366584e-07,
      3.837776131376813e-07,
      3.587531961812829e-07,
      3.3480909003458234e-07,
      3.131001293610325e-07,
      2.9181025553270954e-07,
      2.7147960537377e-07,
      2.5334687489220184e-07,
      2.3587536755798057e-07,
      2.1926066615662875e-07,
      2.0405225470199184e-07,
      1.8998003994852297e-07,
      1.7732342534770852e-07,
      1.6497414055294256e-07,
      1.5400320631187013e-07,
      1.4385183028764458e-07,
      1.343709993761877e-07,
      1.255514024833815e-07,
      1.1755136730684512e-07,
      1.0995179703598979e-07,
      1.0296689580968633e-07,
      9.62893293277034e-08,
      8.998429034789979e-08,
      8.450812510218953e-08,
      7.945105414464137e-08,
      7.453368001009153e-08,
      7.010990678679718e-08,
      6.56675047672195e-08,
      6.166282428665682e-08,
      5.803998443631997e-08,
      5.4370578004281357e-08,
      5.1371723310822405e-08,
      4.847531346996448e-08,
      4.5625469464738444e-08,
      4.2840817862099815e-08,
      4.055907970368367e-08,
      3.824940182806102e-08
    ],
    "train_acc": [
      25.8984375,
      39.859375,
      47.734375,
      54.0625,
      59.59375,
      66.578125,
      73.7578125,
      80.453125,
      86.6796875,
      91.3203125,
      94.15625,
      94.671875,
      96.5625,
      97.9921875,
      99.234375,
      99.6328125,
      99.734375,
      99.625,
      99.890625,
      99.8828125,
      99.96875,
      100.0,
      100.0,
      100.0,
      100.0,
      100.0,
      100.0,
      100.0,
      100.0,
      100.0,
      100.0,
      100.0,
      100.0,
      100.0,
      100.0,
      100.0,
      100.0,
      100.0,
      100.0,
      100.0,
      100.0,
      100.0,
      100.0,
      100.0,
      100.0,
      100.0,
      100.0,
      100.0,
      100.0,
      100.0,
      100.0,
      100.0,
      100.0,
      100.0,
      100.0,
      100.0,
      100.0,
      100.0,
      100.0,
      100.0,
      100.0,
      100.0,
      100.0,
      100.0,
      100.0,
      100.0,
      100.0,
      100.0,
      100.0,
      100.0,
      100.0,
      100.0,
      100.0,
      100.0,
      100.0,
      100.0,
      100.0,
      100.0,
      100.0,
      100.0,
      100.0,
      100.0,
      100.0,
      100.0,
      100.0,
      100.0,
      100.0,
      100.0,
      100.0,
      100.0,
      100.0,
      100.0,
      100.0,
      100.0,
      100.0,
      100.0,
      100.0,
      100.0,
      100.0,
      100.0
    ],
    "test_loss": [
      1.754496420621872,
      1.5824085617065429,
      1.5036510223150252,
      1.5362058341503144,
      1.5238028681278228,
      1.682590333223343,
      1.7896395152807236,
      2.2415691208839417,
      2.433490564823151,
      2.490356580018997,
      2.7658805727958677,
      2.7632330262660982,
      2.780230597257614,
      3.2274106979370116,
      3.405141316652298,
      3.7161592197418214,
      3.8436841583251953,
      3.7550902485847475,
      4.307182404994965,
      4.407207734584809,
      4.345448086261749,
      4.472954668998718,
      4.585359106063843,
      4.681688792705536,
      4.772174053192138,
      4.8599381303787235,
      4.949841632843017,
      5.037899453639984,
      5.125439403057098,
      5.2032163619995115,
      5.273023629188538,
      5.33556982755661,
      5.391242973804474,
      5.443302080631256,
      5.492751047611237,
      5.539657235145569,
      5.584295544624329,
      5.626898496150971,
      5.667297072410584,
      5.705094938278198,
      5.741174581050873,
      5.7754876112937925,
      5.810145583152771,
      5.8436283683776855,
      5.8751963210105895,
      5.908739511966705,
      5.940017573833465,
      5.97352000951767,
      6.006196780204773,
      6.037042548656464,
      6.066456565856933,
      6.09796083688736,
      6.12871773481369,
      6.156485981941223,
      6.186365995407105,
      6.214015667438507,
      6.243017365932465,
      6.269722213745117,
      6.2990293264389035,
      6.3274745893478395,
      6.355824432373047,
      6.381859357357025,
      6.409429199695587,
      6.437931087017059,
      6.465870590209961,
      6.492503035068512,
      6.522797167301178,
      6.550455143451691,
      6.582033050060272,
      6.610317299365997,
      6.6404605484008785,
      6.670507996082306,
      6.701260855197907,
      6.729403300285339,
      6.758466210365295,
      6.786760997772217,
      6.815322887897492,
      6.84236878156662,
      6.870204253196716,
      6.897571725845337,
      6.924438836574555,
      6.952672603130341,
      6.9793155789375305,
      7.006876678466797,
      7.0331850481033324,
      7.06004695892334,
      7.086122109889984,
      7.112911942005158,
      7.138432614803314,
      7.166125700473786,
      7.192034895420075,
      7.21857652425766,
      7.244226016998291,
      7.268487083911896,
      7.2949812436103825,
      7.320587913990021,
      7.343730115890503,
      7.369690873622894,
      7.3939182615280155,
      7.420820710659027
    ],