{
  "config": {
    "run_name": "exp1_1",
    "out_dir": "./results",
    "seed": 1880221818,
    "device": null,
    "bs_train": 128,
    "bs_test": 32,
    "batches": 100,
    "epochs": 100,
    "early_stopping": 3,
    "checkpoints": null,
    "lr": 0.001,
    "reg": 0.001,
    "filters_per_layer": [
      32
    ],
    "layers_per_block": 2,
    "pool_every": 8,
    "hidden_dims": [
      1000,
      500,
      100
    ],
    "model_type": "cnn",
    "kw": {}
  },
  "results": {
    "num_epochs": 100,
    "train_loss": [
      1.9802211463451385,
      1.6432237279415132,
      1.439718735218048,
      1.3056174898147583,
      1.166920360326767,
      1.0267093867063521,
      0.875347757935524,
      0.7323110896348953,
      0.5875467580556869,
      0.4639270782470703,
      0.28402133867144586,
      0.23336727157235146,
      0.17759535413235425,
      0.15189508713781832,
      0.09864533714950084,
      0.04449174107983708,
      0.02094701911089942,
      0.017149176471866666,
      0.011722843197640031,
      0.007017375833820552,
      0.0032227195583982393,
      0.000965828462067293,
      0.00042725755098217634,
      0.0002442341261485126,
      0.00018015091278357433,
      0.00014453863976086724,
      0.00012057994128554128,
      0.00010302024988050107,
      8.934631710872054e-05,
      7.841198890673695e-05,
      6.959345868381207e-05,
      6.222327894647606e-05,
      5.575206940193311e-05,
      4.998068176064407e-05,
      4.4600622804864545e-05,
      3.9542431168229086e-05,
      3.446035569140804e-05,
      2.9408855516521727e-05,
      2.4669541135153848e-05,
      2.0479905515458086e-05,
      1.658753272749891e-05,
      1.326722544945369e-05,
      1.0624918277244432e-05,
      8.582120351547928e-06,
      7.0407617204182315e-06,
      5.803256071885699e-06,
      4.8305500661172115e-06,
      4.097210944564722e-06,
      3.4857142702549025e-06,
      2.9830808546194022e-06,
      2.5923068596966915e-06,
      2.26227198709239e-06,
      1.9978625812200334e-06,
      1.767849150269285e-06,
      1.5839081055446514e-06,
      1.418430324520159e-06,
      1.2821887861491633e-06,
      1.160377276505642e-06,
      1.0515731577243059e-06,
      9.59793034098766e-07,
      8.751378155125167e-07,
      8.037155657802941e-07,
      7.363639267055078e-07,
      6.783986700042988e-07,
      6.249699205795878e-07,
      5.770536085947242e-07,
      5.329096239847786e-07,
      4.934124618216628e-07,
      4.5651391687329125e-07,
      4.235080263015334e-07,
      3.9464665064770087e-07,
      3.6697717064271274e-07,
      3.418223731443959e-07,
      3.1690049951293986e-07,
      2.945768703455087e-07,
      2.7455349112415205e-07,
      2.559923277090093e-07,
      2.3939620881208156e-07,
      2.235451435694813e-07,
      2.0908173610223456e-07,
      1.9560552566133538e-07,
      1.832189588668598e-07,
      1.7160538142491078e-07,
      1.6106282849648323e-07,
      1.5104181073866128e-07,
      1.4188692119887493e-07,
      1.3301142793409326e-07,
      1.247226654044198e-07,
      1.1760736672528082e-07,
      1.1038031065169207e-07,
      1.0414976625128248e-07,
      9.816136728346692e-08,
      9.256412308644713e-08,
      8.70600099034391e-08,
      8.202155786563026e-08,
      7.71879961902755e-08,
      7.254069867457246e-08,
      6.83218092945026e-08,
      6.460583417577937e-08,
      6.088985841756767e-08
    ],
    "train_acc": [
      26.5859375,
      40.1640625,
      47.375,
      52.9296875,
      58.203125,
      63.109375,
      68.7109375,
      74.125,
      79.34375,
      83.546875,
      90.6875,
      92.34375,
      94.25,
      94.953125,
      96.8984375,
      98.6796875,
      99.3984375,
      99.609375,
      99.6484375,
      99.8203125,
      99.9375,
      99.9921875,
      100.0,
      100.0,
      100.0,
      100.0,
      100.0,
      100.0,
      100.0,
      100.0,
      100.0,
      100.0,
      100.0,
      100.0,
      100.0,
      100.0,
      100.0,
      100.0,
      100.0,
      100.0,
      100.0,
      100.0,
      100.0,
      100.0,
      100.0,
      100.0,
      100.0,
      100.0,
      100.0,
      100.0,
      100.0,
      100.0,
      100.0,
      100.0,
      100.0,
      100.0,
      100.0,
      100.0,
      100.0,
      100.0,
      100.0,
      100.0,
      100.0,
      100.0,
      100.0,
      100.0,
      100.0,
      100.0,
      100.0,
      100.0,
      100.0,
      100.0,
      100.0,
      100.0,
      100.0,
      100.0,
      100.0,
      100.0,
      100.0,
      100.0,
      100.0,
      100.0,
      100.0,
      100.0,
      100.0,
      100.0,
      100.0,
      100.0,
      100.0,
      100.0,
      100.0,
      100.0,
      100.0,
      100.0,
      100.0,
      100.0,
      100.0,
      100.0,
      100.0,
      100.0
    ],
    "test_loss": [
      1.7483004927635193,
      1.5629128563404082,
      1.5466273182630539,
      1.5037919616699218,
      1.4216279977560042,
      1.416189616918564,
      1.5598808056116105,
      1.753988648056984,
      1.9155185472965242,
      2.191608350276947,
      2.487013795375824,
      2.317236620187759,
      2.6488282191753387,
      2.500658539533615,
      2.7862840664386748,
      3.0525335586071014,
      3.443745188713074,
      3.5244703841209413,
      3.558664997816086,
      3.7085569298267362,
      3.6815914940834045,
      3.828353410959244,
      3.927803131341934,
      4.004839789867401,
      4.073677531480789,
      4.135403749942779,
      4.191534171104431,
      4.243234374523163,
      4.290946431159973,
      4.333973126411438,
      4.374596862792969,
      4.413796741962432,
      4.452550270557404,
      4.490747256278992,
      4.532100780010223,
      4.58126620054245,
      4.639601194858551,
      4.707211818695068,
      4.777766053676605,
      4.847143898010254,
      4.933302104473114,
      5.033114850521088,
      5.128735475540161,
      5.225955386161804,
      5.315748271942138,
      5.413826947212219,
      5.4819341254234315,
      5.536482467651367,
      5.587872846126556,
      5.6386792588233945,
      5.675037603378296,
      5.681853668689728,
      5.719057729244232,
      5.759668688774109,
      5.776938562393188,
      5.828287770748139,
      5.839188556671143,
      5.882339162826538,
      5.904334502220154,
      5.9322337985038756,
      5.959687464237213,
      5.975202169418335,
      6.016013288497925,
      6.022486002445221,
      6.063664147853851,
      6.074922745227814,
      6.10419902086258,
      6.120178046226502,
      6.148611791133881,
      6.159096760749817,
      6.192005815505982,
      6.201986424922943,
      6.2341470885276795,
      6.247474727630615,
      6.276982452869415,
      6.288678727149963,
      6.312508063316345,
      6.331633369922638,
      6.3517307591438295,
      6.371921479701996,
      6.390345573425293,
      6.411748299598694,
      6.43048377752304,
      6.449586677551269,
      6.468977947235107,
      6.486352853775024,
      6.505405805110931,
      6.526036667823791,
      6.544473752975464,
      6.565321140289306,
      6.582222504615784,
      6.602078423500061,
      6.621579430103302,
      6.6407116460800175,
      6.6625937914848326,
      6.684208920001984,
      6.703105347156525,
      6.722813465595245,
      6.745519986152649,
      6.7664737796783445
    ],