{
  "config": {
    "run_name": "exp1_4",
    "out_dir": "./results",
    "seed": 306695130,
    "device": null,
    "bs_train": 128,
    "bs_test": 32,
    "batches": 100,
    "epochs": 100,
    "early_stopping": 3,
    "checkpoints": null,
    "lr": 0.001,
    "reg": 0.001,
    "filters_per_layer": [
      32
    ],
    "layers_per_block": 8,
    "pool_every": 8,
    "hidden_dims": [
      1000,
      500,
      100
    ],
    "model_type": "resnet",
    "kw": {}
  },
  "results": {
    "num_epochs": 100,
    "train_loss": [
      1.9778126311302184,
      1.6590174126625061,
      1.4880193018913268,
      1.3461836004257202,
      1.2336417871713639,
      1.1148293751478195,
      0.9918242168426513,
      0.8783307218551636,
      0.8348403805494309,
      0.7447850388288498,
      0.6333106544613838,
      0.5230008581280708,
      0.42554462924599645,
      0.3785830345749855,
      0.32828877985477445,
      0.23969723358750344,
      0.19641185477375983,
      0.1766193286329508,
      0.11422347590327263,
      0.0929791570454836,
      0.08514175988733769,
      0.057132008853368464,
      0.03363093549385667,
      0.022634549115318803,
      0.009348591695306822,
      0.003610659672995098,
      0.0011963651941914576,
      0.00033620786009123547,
      0.00022667928635200952,
      0.00018115324492100625,
      0.00014616653781558851,
      0.00011602891536313109,
      9.254594628146152e-05,
      7.603913705679588e-05,
      6.42961227458727e-05,
      5.537947843549773e-05,
      4.828866449315683e-05,
      4.28109431413759e-05,
      3.852855210425332e-05,
      3.4993377521459476e-05,
      3.198508670720912e-05,
      2.9308355988177936e-05,
      2.685751986973628e-05,
      2.4663185422468813e-05,
      2.268730982905254e-05,
      2.0905195369778085e-05,
      1.927808299114986e-05,
      1.7830271308412192e-05,
      1.6486473168697557e-05,
      1.48491286290664e-05,
      1.2920846538690966e-05,
      1.148026663940982e-05,
      1.0385182563368289e-05,
      9.43112837830995e-06,
      8.579284944971732e-06,
      7.83247756999117e-06,
      7.181078024132148e-06,
      6.60494644080245e-06,
      6.090844426580588e-06,
      5.60291831561699e-06,
      5.162519430541579e-06,
      4.749450592953508e-06,
      4.370910316993104e-06,
      4.0222524376076764e-06,
      3.7011589358826312e-06,
      3.412993884239768e-06,
      3.130946359988229e-06,
      2.824469859206147e-06,
      2.5437794556637526e-06,
      2.3014851410607662e-06,
      2.0869705610948587e-06,
      1.8947413605019392e-06,
      1.7235776937241098e-06,
      1.5709093474924885e-06,
      1.4365501465363196e-06,
      1.3172034334729687e-06,
      1.209758650020376e-06,
      1.1146163009811972e-06,
      1.028479600506671e-06,
      9.508735925578548e-07,
      8.811929711782795e-07,
      8.180128367030193e-07,
      7.599362325549919e-07,
      7.078386136072368e-07,
      6.599598034995324e-07,
      6.154430124638566e-07,
      5.753871936065024e-07,
      5.379017613904579e-07,
      5.035734820069138e-07,
      4.719646341300177e-07,
      4.421531986054106e-07,
      4.1487494769398834e-07,
      3.892823582418714e-07,
      3.657386591271461e-07,
      3.4368505964721406e-07,
      3.2307499729711254e-07,
      3.0359182311201495e-07,
      2.859154050582902e-07,
      2.6866738316755346e-07,
      2.5278839800080276e-07
    ],
    "train_acc": [
      26.15625,
      38.9453125,
      45.6640625,
      50.5,
      55.2890625,
      59.8515625,
      64.6953125,
      68.9375,
      70.203125,
      73.15625,
      77.7578125,
      81.890625,
      85.2109375,
      87.0,
      88.65625,
      91.7109375,
      93.546875,
      93.953125,
      96.1875,
      97.171875,
      97.1640625,
      98.2109375,
      99.015625,
      99.4765625,
      99.78125,
      99.9296875,
      99.984375,
      100.0,
      100.0,
      100.0,
      100.0,
      100.0,
      100.0,
      100.0,
      100.0,
      100.0,
      100.0,
      100.0,
      100.0,
      100.0,
      100.0,
      100.0,
      100.0,
      100.0,
      100.0,
      100.0,
      100.0,
      100.0,
      100.0,
      100.0,
      100.0,
      100.0,
      100.0,
      100.0,
      100.0,
      100.0,
      100.0,
      100.0,
      100.0,
      100.0,
      100.0,
      100.0,
      100.0,
      100.0,
      100.0,
      100.0,
      100.0,
      100.0,
      100.0,
      100.0,
      100.0,
      100.0,
      100.0,
      100.0,
      100.0,
      100.0,
      100.0,
      100.0,
      100.0,
      100.0,
      100.0,
      100.0,
      100.0,
      100.0,
      100.0,
      100.0,
      100.0,
      100.0,
      100.0,
      100.0,
      100.0,
      100.0,
      100.0,
      100.0,
      100.0,
      100.0,
      100.0,
      100.0,
      100.0,
      100.0
    ],
    "test_loss": [
      1.7530217862129212,
      1.5934242510795593,
      1.4858428192138673,
      1.4310758566856385,
      1.3752848708629608,
      1.346831756234169,
      1.3863527554273605,
      1.3674746990203857,
      1.572722756266594,
      1.7345570665597916,
      1.6937956011295319,
      1.7157860922813415,
      1.9920936965942382,
      2.120866950750351,
      2.2114357578754427,
      2.4491871428489684,
      2.450305426120758,
      2.4548329907655715,
      2.3908186239004134,
      2.40550222158432,
      2.4898381769657134,
      2.5156995493173597,
      2.859348273873329,
      3.184942208528519,
      3.19368176817894,
      3.252567286491394,
      3.392516425848007,
      3.449114987850189,
      3.5190226936340334,
      3.5883569288253785,
      3.6680365920066835,
      3.7582304525375365,
      3.843601713180542,
      3.9161359322071077,
      3.979149264097214,
      4.039113836288452,
      4.0929221856594085,
      4.137955318689347,
      4.178639761209488,
      4.215558567047119,
      4.250764452219009,
      4.285977474451065,
      4.319944676160812,
      4.352944144010544,
      4.385019574165344,
      4.416953201293945,
      4.448028678894043,
      4.4785570573806766,
      4.514706912040711,
      4.587879699468613,
      4.668657450675965,
      4.7378613162040715,
      4.795958815813065,
      4.849836238622665,
      4.904373648166657,
      4.957477053403855,
      5.007055141925812,
      5.055748783349991,
      5.10204296708107,
      5.156846882104873,
      5.199960941076279,
      5.246580853462219,
      5.287645974159241,
      5.332464056015015,
      5.376132196187973,
      5.420159935951233,
      5.4636792004108425,
      5.517570855617524,
      5.568211191892624,
      5.618783459663391,
      5.6676111876964566,
      5.716004452705383,
      5.762534427642822,
      5.808531237840652,
      5.853741394281387,
      5.897980194091797,
      5.94125136256218,
      5.983967012166977,
      6.025334700345993,
      6.066190947294235,
      6.105981771945953,
      6.145338847637176,
      6.18358874797821,
      6.222113815546035,
      6.259458875656128,
      6.296724461317062,
      6.334024506807327,
      6.370446628332138,
      6.407106219530106,
      6.443357590436936,
      6.478461176156998,
      6.513839319944382,
      6.548835844993591,
      6.583821814060212,
      6.618696875572205,
      6.653563139438629,
      6.6873884105682375,
      6.720952993631363,
      6.754719012975693,
      6.787710375785828
    ],