{
  "config": {
    "run_name": "exp1_2",
    "out_dir": "./results",
    "seed": 1368738023,
    "device": null,
    "bs_train": 128,
    "bs_test": 32,
    "batches": 100,
    "epochs": 100,
    "early_stopping": 3,
    "checkpoints": null,
    "lr": 0.001,
    "reg": 0.001,
    "filters_per_layer": [
      256
    ],
    "layers_per_block": 4,
    "pool_every": 8,
    "hidden_dims": [
      1000,
      500,
      100
    ],
    "model_type": "cnn",
    "kw": {}
  },
  "results": {
    "num_epochs": 41,
    "train_loss": [
      2.060379697084427,
      1.6917163622379303,
      1.5097122013568878,
      1.3714619743824006,
      1.2326098841428756,
      1.0640733009576797,
      0.903610622882843,
      0.7960688307881355,
      0.665709587931633,
      0.5300769601762295,
      0.38630698338150976,
      0.28729602113366126,
      0.21800626181066035,
      0.20169541787356138,
      0.16313575085252524,
      0.11630022637546063,
      0.09689947973936797,
      0.07263919069431722,
      0.037056105104275046,
      0.030726744281128048,
      0.0217937652207911,
      0.022622160292812624,
      0.017574465300131122,
      0.0303454346943181,
      0.030014577647671105,
      0.022559041703352704,
      0.018586554653593337,
      0.009508025960822125,
      0.019548464828403667,
      0.02944574945489876,
      0.021188609901000747,
      0.022948251402704047,
      0.017743787084764335,
      0.030209032166167164,
      0.02679716536658816,
      0.021703614816360642,
      0.013678391496359837,
      0.008713865040917881,
      0.011010117054393049,
      0.02254086932633072,
      0.024615926949772982
    ],
    "train_acc": [
      23.171875,
      38.1640625,
      45.1328125,
      50.3203125,
      55.546875,
      61.859375,
      68.2578125,
      72.2265625,
      76.90625,
      81.9296875,
      86.40625,
      90.5859375,
      92.625,
      93.3046875,
      94.6796875,
      96.109375,
      97.0390625,
      97.7578125,
      98.828125,
      98.9765625,
      99.2109375,
      99.3359375,
      99.390625,
      99.0625,
      99.2421875,
      99.296875,
      99.546875,
      99.7578125,
      99.4453125,
      99.1875,
      99.3671875,
      99.2421875,
      99.5625,
      99.1171875,
      99.171875,
      99.421875,
      99.6875,
      99.7109375,
      99.6328125,
      99.265625,
      99.3359375
    ],
    "test_loss": [
      1.8290228748321533,
      1.6356333267688752,
      1.554663302898407,
      1.485385754108429,
      1.4683847677707673,
      1.6223948621749877,
      1.826763436794281,
      2.062009482383728,
      2.1718339347839355,
      2.8460246300697327,
      2.7816540777683256,
      2.9831369519233704,
      3.140973584651947,
      3.4045169413089753,
      3.462571830749512,
      3.6858205366134644,
      3.6992094135284423,
      3.806917417049408,
      4.41966739654541,
      4.535407663583755,
      4.557010428905487,
      4.943046896457672,
      5.264297895431518,
      4.493964397907257,
      4.440658452510834,
      4.405537601709366,
      4.295344862937927,
      4.819877758026123,
      5.194019982814789,
      4.512834953069687,
      4.639427218437195,
      4.539447149038315,
      4.800477882623673,
      4.52107590675354,
      4.507034064531326,
      4.380526511669159,
      4.4688112258911135,
      4.828783466815948,
      5.210156369209289,
      4.659358721971512,
      4.6552865755558015
    ],
    "test_acc": [
      32.0625,
      39.96875,
      44.84375,
      47.53125,
      48.59375,
      47.8125,
      44.4375,
      41.1875,
      44.125,
      44.21875,
      46.5625,
      46.5625,
      46.15625,
      45.90625,
      47.875,
      45.9375,
      45.6875,
      47.21875,
      48.28125,
      47.25,
      46.84375,
      47.1875,
      46.9375,
      48.46875,
      45.9375,
      47.1875,
      48.21875,
      48.3125,
      48.40625,
      48.1875,
      47.53125,
      46.875,
      47.09375,
      48.15625,
      47.84375,
      46.96875,
      46.1875,
      47.25,
      46.78125,
      46.5,
      46.46875
    ]
  }
}