{
  "config": {
    "run_name": "exp1_3",
    "out_dir": "./results",
    "seed": 1599568231,
    "device": null,
    "bs_train": 128,
    "bs_test": 32,
    "batches": 100,
    "epochs": 100,
    "early_stopping": 3,
    "checkpoints": null,
    "lr": 0.001,
    "reg": 0.001,
    "filters_per_layer": [
      64,
      128,
      256
    ],
    "layers_per_block": 3,
    "pool_every": 8,
    "hidden_dims": [
      1000,
      500,
      100
    ],
    "model_type": "cnn",
    "kw": {}
  },
  "results": {
    "num_epochs": 52,
    "train_loss": [
      2.2929492473602293,
      1.997780337333679,
      1.8420096480846404,
      1.7310148060321808,
      1.6112422835826874,
      1.4560826110839844,
      1.2929910266399383,
      1.1928301864862443,
      1.028308811187744,
      0.9381583553552627,
      0.7851364427804947,
      0.5988614377379418,
      0.4930170074105263,
      0.38228132456541064,
      0.32308523684740065,
      0.2629185562580824,
      0.2149453501775861,
      0.20771794298663734,
      0.16133441351354122,
      0.12611726133152842,
      0.08081794283352792,
      0.06611512058414519,
      0.04781953502679244,
      0.031160724136279894,
      0.031776821215171364,
      0.027010946789523586,
      0.018069644349161536,
      0.012997442348278128,
      0.015358559008454904,
      0.016780071385437623,
      0.013881565943884198,
      0.008521056752797448,
      0.015380715272913221,
      0.007839631968963659,
      0.027958522018016085,
      0.02625892867683433,
      0.016494109965569805,
      0.02924146846315125,
      0.021059872906771488,
      0.024972641258500516,
      0.030427474827156402,
      0.023395723007270136,
      0.018667392496718095,
      0.019349340260960163,
      0.022050128280243372,
      0.0172606231791724,
      0.011896199688926572,
      0.016909660202800297,
      0.01661349100410007,
      0.01851969023322454,
      0.026613707832293585,
      0.03104185582138598
    ],
    "train_acc": [
      10.875,
      25.4921875,
      31.1171875,
      34.609375,
      39.421875,
      45.6875,
      52.734375,
      56.7734375,
      63.71875,
      66.6796875,
      72.28125,
      78.9609375,
      82.828125,
      87.0390625,
      89.1171875,
      91.203125,
      93.1640625,
      93.46875,
      95.09375,
      95.984375,
      97.4765625,
      98.03125,
      98.5390625,
      98.9921875,
      99.0546875,
      99.2265625,
      99.4765625,
      99.6171875,
      99.578125,
      99.6015625,
      99.703125,
      99.71875,
      99.5546875,
      99.765625,
      99.2421875,
      99.3046875,
      99.4921875,
      99.140625,
      99.3671875,
      99.28125,
      99.1875,
      99.2890625,
      99.421875,
      99.3984375,
      99.375,
      99.4296875,
      99.609375,
      99.5,
      99.5,
      99.46875,
      99.3203125,
      99.125
    ],
    "test_loss": [
      2.271240062713623,
      1.8938372552394866,
      1.7883313238620757,
      1.6948951435089112,
      1.6090729570388793,
      1.5366674625873566,
      1.586203556060791,
      1.5790900111198425,
      1.9036239904165269,
      2.092997304201126,
      2.6480501103401184,
      2.960151479244232,
      2.8083386158943178,
      2.9496917486190797,
      2.968595461845398,
      2.6587856674194335,
      3.0553605246543882,
      3.3281283593177795,
      3.6635703670978548,
      3.4948328053951263,
      4.087091679573059,
      4.027939500808716,
      4.7075871253013615,
      5.077542822360993,
      4.770779092311859,
      5.186559164524079,
      5.564508519172668,
      5.2678313827514645,
      5.720575590133667,
      5.431089205741882,
      5.411549332141877,
      5.600564966201782,
      5.556325397491455,
      6.516113004684448,
      4.431544251441956,
      5.059612138271332,
      5.615010867118835,
      5.063609449863434,
      5.420211384296417,
      4.697640936374665,
      4.9957560706138615,
      5.037244789600372,
      5.125189709663391,
      4.983309419155121,
      5.437185044288635,
      5.166896102428436,
      5.645809183120727,
      5.201302499771118,
      5.169105832576752,
      5.303243179321289,
      5.781277227401733,
      4.31585355758667
    ],
    "test_acc": [
      20.9375,
      29.3125,
      31.75,
      36.46875,
      42.03125,
      45.875,
      46.53125,
      46.25,
      40.46875,
      42.21875,
      45.03125,
      45.21875,
      44.375,
      44.53125,
      44.40625,
      45.21875,
      44.4375,
      43.8125,
      43.78125,
      44.46875,
      45.15625,
      45.15625,
      45.875,
      45.84375,
      45.125,
      46.25,
      46.3125,
      46.09375,
      46.125,
      46.09375,
      45.75,
      46.34375,
      45.21875,
      45.3125,
      44.8125,
      46.09375,
      45.34375,
      44.21875,
      44.8125,
      46.03125,
      44.1875,
      45.84375,
      46.375,
      45.21875,
      44.59375,
      46.15625,
      45.0,
      45.53125,
      46.15625,
      45.375,
      44.5625,
      45.6875
    ]
  }
}