{
  "config": {
    "run_name": "exp1_1",
    "out_dir": "./results",
    "seed": 1243466068,
    "device": null,
    "bs_train": 128,
    "bs_test": 32,
    "batches": 100,
    "epochs": 100,
    "early_stopping": 3,
    "checkpoints": null,
    "lr": 0.001,
    "reg": 0.001,
    "filters_per_layer": [
      64
    ],
    "layers_per_block": 16,
    "pool_every": 8,
    "hidden_dims": [
      1000,
      500,
      100
    ],
    "model_type": "cnn",
    "kw": {}
  },
  "results": {
    "num_epochs": 100,
    "train_loss": [
      2.304025456905365,
      2.3032326555252074,
      2.3029454278945924,
      2.3028387236595154,
      2.302799279689789,
      2.302728714942932,
      2.3026819610595703,
      2.3026706910133363,
      2.302655272483826,
      2.302589867115021,
      2.3025917172431947,
      2.3025649404525756,
      2.3026171374320983,
      2.302552716732025,
      2.3025430917739866,
      2.302582097053528,
      2.3025165748596192,
      2.3025104451179503,
      2.302526006698608,
      2.302504596710205,
      2.3025136828422545,
      2.302517685890198,
      2.3024961829185484,
      2.3024964570999145,
      2.3024927020072936,
      2.3024857473373412,
      2.3024837493896486,
      2.3024871873855592,
      2.302479956150055,
      2.302477784156799,
      2.3024761486053467,
      2.302474308013916,
      2.3024726152420043,
      2.3024714827537536,
      2.302470819950104,
      2.3024682664871214,
      2.302467949390411,
      2.3024650955200197,
      2.302471697330475,
      2.302469370365143,
      2.3024608492851257,
      2.302459557056427,
      2.3024585700035094,
      2.30245726108551,
      2.302458381652832,
      2.302455961704254,
      2.302454011440277,
      2.302452642917633,
      2.3024516892433167,
      2.302450623512268,
      2.302449562549591,
      2.302448592185974,
      2.302447576522827,
      2.302446732521057,
      2.302445571422577,
      2.3024448776245117,
      2.3024538207054137,
      2.3024437260627746,
      2.302444190979004,
      2.3024407267570495,
      2.302439801692963,
      2.302437686920166,
      2.3024368047714234,
      2.302435953617096,
      2.302435054779053,
      2.302437040805817,
      2.3024336552619933,
      2.3024326515197755,
      2.302431910037994,
      2.3024311232566834,
      2.3024303340911865,
      2.302429597377777,
      2.302428352832794,
      2.3024273252487184,
      2.30242666721344,
      2.3024260115623476,
      2.3024253487586974,
      2.302424654960632,
      2.3024240922927857,
      2.3024233293533327,
      2.3024227261543273,
      2.3024220132827757,
      2.302420961856842,
      2.3024203896522524,
      2.3024197936058046,
      2.3024192237854004,
      2.3024186158180235,
      2.3024178671836855,
      2.3024168753623964,
      2.3024163818359376,
      2.302415819168091,
      2.30241530418396,
      2.3024148035049437,
      2.302414300441742,
      2.302413806915283,
      2.302413320541382,
      2.302412784099579,
      2.302412326335907,
      2.3024117875099184,
      2.3024113750457764
    ],
    "train_acc": [
      9.796875,
      9.7265625,
      10.0625,
      10.109375,
      10.0859375,
      10.125,
      10.171875,
      9.984375,
      10.078125,
      10.3515625,
      10.21875,
      10.296875,
      10.15625,
      10.3515625,
      10.3515625,
      10.3515625,
      10.3515625,
      10.3515625,
      10.3515625,
      10.3515625,
      10.3515625,
      10.3515625,
      10.3515625,
      10.3515625,
      10.3515625,
      10.3515625,
      10.3515625,
      10.3515625,
      10.3515625,
      10.3515625,
      10.3515625,
      10.3515625,
      10.3515625,
      10.3515625,
      10.3515625,
      10.3515625,
      10.3515625,
      10.3515625,
      10.3515625,
      10.3515625,
      10.3515625,
      10.3515625,
      10.3515625,
      10.3515625,
      10.3515625,
      10.3515625,
      10.3515625,
      10.3515625,
      10.3515625,
      10.3515625,
      10.3515625,
      10.3515625,
      10.3515625,
      10.3515625,
      10.3515625,
      10.3515625,
      10.3515625,
      10.3515625,
      10.3515625,
      10.3515625,
      10.3515625,
      10.3515625,
      10.3515625,
      10.3515625,
      10.3515625,
      10.3515625,
      10.3515625,
      10.3515625,
      10.3515625,
      10.3515625,
      10.3515625,
      10.3515625,
      10.3515625,
      10.3515625,
      10.3515625,
      10.3515625,
      10.3515625,
      10.3515625,
      10.3515625,
      10.3515625,
      10.3515625,
      10.3515625,
      10.3515625,
      10.3515625,
      10.3515625,
      10.3515625,
      10.3515625,
      10.3515625,
      10.3515625,
      10.3515625,
      10.3515625,
      10.3515625,
      10.3515625,
      10.3515625,
      10.3515625,
      10.3515625,
      10.3515625,
      10.3515625,
      10.3515625,
      10.3515625
    ],
    "test_loss": [
      2.3029932141304017,
      2.3027035784721375,
      2.302669448852539,
      2.3026652264595033,
      2.302658996582031,
      2.3026432824134826,
      2.302630922794342,
      2.30262975692749,
      2.302603907585144,
      2.3026074457168577,
      2.302599108219147,
      2.3025912165641786,
      2.302602479457855,
      2.302578625679016,
      2.3025845861434937,
      2.3025754857063294,
      2.30258234500885,
      2.302578549385071,
      2.3025817894935607,
      2.30257212638855,
      2.302566771507263,
      2.302566096782684,
      2.302567162513733,
      2.3025678277015684,
      2.302572858333588,
      2.3025639152526853,
      2.3025643706321715,
      2.3025633215904238,
      2.3025636577606203,
      2.302563581466675,
      2.302563076019287,
      2.302562487125397,
      2.30256151676178,
      2.3025649619102477,
      2.302560725212097,
      2.302560365200043,
      2.3025606989860536,
      2.3025599336624145,
      2.30256662607193,
      2.302557075023651,
      2.302556960582733,
      2.3025574541091918,
      2.3025573682785034,
      2.302557060718536,
      2.3025596141815186,
      2.302557418346405,
      2.3025558376312256,
      2.302555661201477,
      2.3025553679466246,
      2.302555251121521,
      2.3025550746917727,
      2.302554705142975,
      2.3025544118881225,
      2.3025541067123414,
      2.30255202293396,
      2.302544391155243,
      2.3025534391403197,
      2.3025540947914123,
      2.30255259513855,
      2.302552216053009,
      2.302551667690277,
      2.3025509524345398,
      2.3025504875183107,
      2.3025498843193053,
      2.302549731731415,
      2.3025496935844423,
      2.302548577785492,
      2.302548327445984,
      2.3025484704971313,
      2.3025478458404542,
      2.3025476336479187,
      2.3025460195541383,
      2.302546284198761,
      2.302546262741089,
      2.302545893192291,
      2.302545816898346,
      2.302545738220215,
      2.3025455713272094,
      2.3025450825691225,
      2.302544984817505,
      2.3025448083877564,
      2.3025441098213197,
      2.302544267177582,
      2.3025438809394836,
      2.302543420791626,
      2.3025438165664673,
      2.3025434255599975,
      2.302541606426239,
      2.302541391849518,
      2.302541811466217,
      2.3025416207313536,
      2.3025413155555725,
      2.3025412702560426,
      2.3025412225723265,
      2.302541048526764,
      2.3025409030914306,
      2.3025406312942507,
      2.302540376186371,
      2.3025400471687316,
      2.30254008769989
    ],