{
  "config": {
    "run_name": "exp1_2",
    "out_dir": "./results",
    "seed": 916381654,
    "device": null,
    "bs_train": 128,
    "bs_test": 32,
    "batches": 100,
    "epochs": 100,
    "early_stopping": 3,
    "checkpoints": null,
    "lr": 0.001,
    "reg": 0.001,
    "filters_per_layer": [
      64
    ],
    "layers_per_block": 2,
    "pool_every": 8,
    "hidden_dims": [
      1000,
      500,
      100
    ],
    "model_type": "cnn",
    "kw": {}
  },
  "results": {
    "num_epochs": 19,
    "train_loss": [
      1.9085509586334228,
      1.468914920091629,
      1.2000886994600295,
      0.9724511754512787,
      0.8070962464809418,
      0.6348850563168525,
      0.40287513270974157,
      0.23852834820747376,
      0.16168684136122466,
      0.10657956331968307,
      0.06011394659057259,
      0.03474743654485792,
      0.018949805508600547,
      0.010158531271736137,
      0.00828129971108865,
      0.005887163132138084,
      0.008042764490237459,
      0.008934778866241687,
      0.02305025554203894
    ],
    "train_acc": [
      29.546875,
      46.546875,
      57.1015625,
      65.265625,
      71.2578125,
      77.984375,
      86.1640625,
      92.1796875,
      94.6640625,
      96.7421875,
      98.2578125,
      99.0,
      99.46875,
      99.765625,
      99.796875,
      99.875,
      99.8515625,
      99.734375,
      99.4375
    ],
    "test_loss": [
      1.6122829473018647,
      1.4673422360420227,
      1.4199690568447112,
      1.3785688060522079,
      1.5368631762266158,
      1.7424162071943283,
      2.278019254207611,
      2.3117816960811615,
      2.3642474180459976,
      2.613795692324638,
      2.585724033117294,
      3.046392161846161,
      2.981024664640427,
      3.092953416109085,
      3.517726562023163,
      3.387704560756683,
      3.5323636424541474,
      3.3749646496772767,
      3.2931158638000486
    ],
    "test_acc": [
      41.21875,
      47.65625,
      48.84375,
      52.625,
      52.9375,
      51.78125,
      50.34375,
      49.75,
      54.625,
      53.0625,
      52.15625,
      52.21875,
      53.8125,
      54.25,
      52.34375,
      54.1875,
      53.375,
      54.15625,
      52.71875
    ]
  }
}