{
  "config": {
    "run_name": "exp1_4",
    "out_dir": "./results",
    "seed": 1151809049,
    "device": null,
    "bs_train": 128,
    "bs_test": 32,
    "batches": 100,
    "epochs": 100,
    "early_stopping": 3,
    "checkpoints": null,
    "lr": 0.001,
    "reg": 0.001,
    "filters_per_layer": [
      64,
      128,
      256
    ],
    "layers_per_block": 8,
    "pool_every": 8,
    "hidden_dims": [
      1000,
      500,
      100
    ],
    "model_type": "resnet",
    "kw": {}
  },
  "results": {
    "num_epochs": 78,
    "train_loss": [
      2.053185621500015,
      1.7161377322673799,
      1.5669210815429688,
      1.4467943120002746,
      1.3543846654891967,
      1.273529484272003,
      1.2044155085086823,
      1.1367347210645675,
      1.0657912880182265,
      0.9899415576457977,
      0.9298876047134399,
      0.8785805964469909,
      0.8485356044769287,
      0.7835764175653458,
      0.7048853614926338,
      0.6988140067458153,
      0.6649739229679108,
      0.5876068460941315,
      0.5377289694547653,
      0.46097160756587985,
      0.39336444541811943,
      0.36447304785251616,
      0.35142003193497656,
      0.3084054239094257,
      0.2900094732642174,
      0.25850619859993457,
      0.23568365998566151,
      0.17760775316506625,
      0.15899110041558742,
      0.13420421622693537,
      0.13876777105033397,
      0.12311671804636717,
      0.11340733805671334,
      0.10722099281847478,
      0.07981785780750215,
      0.07515077667310834,
      0.06190495878458023,
      0.05915564913768321,
      0.04572179601993412,
      0.05358527304138988,
      0.03604983081575483,
      0.036459019198082386,
      0.02791224036598578,
      0.02756323302979581,
      0.027522596700582654,
      0.03238650554791093,
      0.02444182192790322,
      0.02916324558435008,
      0.03583670076681301,
      0.035110223090741785,
      0.03691878302022815,
      0.04998916151933372,
      0.029537279931828378,
      0.03332286218646914,
      0.04011879454832524,
      0.0335282496525906,
      0.0325864343275316,
      0.03183633626555093,
      0.027590669984929265,
      0.02670814721379429,
      0.02609413861471694,
      0.03137384109897539,
      0.030722506676102056,
      0.02971506345551461,
      0.03053915106225759,
      0.03842644047108479,
      0.02549352772068232,
      0.03012015945627354,
      0.03157366308500059,
      0.028538112723035736,
      0.023311835625208915,
      0.028948639095760884,
      0.03245649535325356,
      0.027670036701019852,
      0.025061222793301568,
      0.027680914690718053,
      0.02773704983992502,
      0.05035752807045355
    ],
    "train_acc": [
      21.921875,
      36.625,
      42.296875,
      47.5546875,
      50.4609375,
      53.296875,
      56.359375,
      58.953125,
      61.4140625,
      64.2578125,
      66.3984375,
      68.8125,
      69.5859375,
      71.8125,
      75.0078125,
      75.0234375,
      76.3125,
      78.8046875,
      80.8125,
      83.8046875,
      86.15625,
      86.921875,
      87.421875,
      89.0234375,
      89.75,
      91.09375,
      91.6953125,
      93.921875,
      94.71875,
      95.578125,
      95.1015625,
      95.828125,
      95.7734375,
      96.4765625,
      97.34375,
      97.5234375,
      97.9453125,
      97.8828125,
      98.46875,
      98.3046875,
      98.8125,
      98.796875,
      99.0625,
      99.078125,
      99.0078125,
      98.984375,
      99.1015625,
      99.0703125,
      98.78125,
      99.015625,
      98.75,
      98.4453125,
      98.9140625,
      98.9765625,
      98.7734375,
      98.875,
      98.90625,
      98.953125,
      99.0859375,
      99.1015625,
      99.2109375,
      99.0,
      98.9453125,
      98.859375,
      99.078125,
      98.765625,
      99.09375,
      99.0234375,
      98.9453125,
      99.125,
      99.1796875,
      98.9765625,
      98.9921875,
      99.15625,
      99.1171875,
      99.078125,
      99.015625,
      98.3671875
    ],
    "test_loss": [
      1.7863096284866333,
      1.612860791683197,
      1.504287803173065,
      1.477386028766632,
      1.433170730471611,
      1.3906116330623626,
      1.3147541600465775,
      1.2439204216003419,
      1.2350000160932542,
      1.215789291858673,
      1.2394708079099654,
      1.2881834864616395,
      1.3247092533111573,
      1.2935126626491547,
      1.2799213629961015,
      1.277316733598709,
      1.3346439290046692,
      1.501822419166565,
      1.6685981810092927,
      1.6288797903060912,
      1.8028398782014847,
      1.7669853127002717,
      1.8708841568231582,
      1.9227918994426727,
      1.9584699708223343,
      2.009971029162407,
      2.0066426408290865,
      1.9611279118061065,
      1.9422850036621093,
      2.5435882526636124,
      2.226607841849327,
      2.1642295080423355,
      2.1171997928619386,
      2.1236953103542326,
      2.243150354027748,
      2.3644036304950715,
      2.365978657007217,
      2.4306908214092253,
      2.594719535112381,
      2.6003468477725984,
      2.618191712498665,
      2.716958215236664,
      2.7971778440475465,
      2.6864084327220916,
      2.793895719051361,
      2.69767896771431,
      2.925752986073494,
      2.8093377315998076,
      2.9092744344472887,
      2.8489594209194182,
      2.876007953882217,
      2.640193436741829,
      2.8062185513973237,
      2.90827165722847,
      2.830492742061615,
      2.6673579359054567,
      2.911146556138992,
      2.848576389551163,
      2.8168033838272093,
      2.922937433719635,
      3.039764152765274,
      2.8743016427755355,
      3.064223666191101,
      3.11508442401886,
      2.915016248226166,
      2.799035029411316,
      3.1483049523830413,
      3.0382524812221527,
      2.8872411477565767,
      3.052101101875305,
      3.2507088673114777,
      2.9978112244606017,
      2.9218061852455137,
      3.0774938344955443,
      2.9209004294872285,
      3.0791602575778962,
      3.031486964225769,
      2.732776744365692
    ],
    "test_acc": [
      33.84375,
      39.625,
      44.875,
      46.4375,
      49.0,
      50.78125,
      53.03125,
      55.09375,
      56.21875,
      57.46875,
      57.625,
      57.46875,
      56.71875,
      58.6875,
      59.46875,
      60.21875,
      59.21875,
      56.1875,
      56.96875,
      58.5625,
      56.0625,
      58.15625,
      56.84375,
      57.28125,
      58.65625,
      57.625,
      57.34375,
      59.0625,
      59.5,
      56.34375,
      59.375,
      59.96875,
      60.65625,
      59.71875,
      59.25,
      58.15625,
      57.625,
      59.125,
      59.625,
      58.875,
      60.625,
      59.96875,
      60.875,
      59.96875,
      60.5625,
      60.40625,
      60.875,
      59.59375,
      60.09375,
      58.6875,
      60.46875,
      59.53125,
      59.3125,
      59.4375,
      59.90625,
      60.40625,
      60.375,
      59.28125,
      58.6875,
      60.125,
      58.875,
      57.65625,
      58.5625,
      59.5,
      58.90625,
      58.71875,
      58.34375,
      56.875,
      59.59375,
      57.9375,
      57.65625,
      58.9375,
      59.4375,
      58.5,
      59.3125,
      57.15625,
      58.03125,
      57.5
    ]
  }
}