{
  "config": {
    "run_name": "exp1_4",
    "out_dir": "./results",
    "seed": 572526163,
    "device": null,
    "bs_train": 128,
    "bs_test": 32,
    "batches": 100,
    "epochs": 100,
    "early_stopping": 3,
    "checkpoints": null,
    "lr": 0.001,
    "reg": 0.001,
    "filters_per_layer": [
      32
    ],
    "layers_per_block": 16,
    "pool_every": 8,
    "hidden_dims": [
      1000,
      500,
      100
    ],
    "model_type": "resnet",
    "kw": {}
  },
  "results": {
    "num_epochs": 37,
    "train_loss": [
      2.016638556718826,
      1.71527707695961,
      1.5693385362625123,
      1.4595403397083282,
      1.3576489007472992,
      1.2692915654182435,
      1.1889197278022765,
      1.1092059105634688,
      1.0352843809127807,
      0.9767379647493363,
      0.9441886860132217,
      0.9055391937494278,
      0.7986354017257691,
      0.7063175386190415,
      0.6531211239099503,
      0.6074587139487266,
      0.5299631980061531,
      0.48017331331968305,
      0.40237312093377114,
      0.35835818737745284,
      0.3009945322573185,
      0.24905990928411484,
      0.22025552831590176,
      0.2212636110931635,
      0.20228520583361387,
      0.1343300085887313,
      0.11376619145274162,
      0.07967515937983989,
      0.056869400637224315,
      0.0354870328027755,
      0.030249477792531253,
      0.018323183774482457,
      0.014344061532756313,
      0.008230065844254569,
      0.009572722888551653,
      0.012846409989288076,
      0.016164687583222984
    ],
    "train_acc": [
      23.9921875,
      35.890625,
      42.2578125,
      46.625,
      50.65625,
      53.7421875,
      56.8984375,
      60.1015625,
      63.1328125,
      65.21875,
      65.9609375,
      67.671875,
      71.2578125,
      75.1015625,
      76.6328125,
      78.1484375,
      81.6328125,
      83.078125,
      86.1640625,
      87.390625,
      89.359375,
      91.5234375,
      92.265625,
      92.375,
      93.0078125,
      95.5546875,
      96.140625,
      97.46875,
      98.203125,
      99.0625,
      99.15625,
      99.453125,
      99.671875,
      99.796875,
      99.7734375,
      99.6484375,
      99.53125
    ],
    "test_loss": [
      1.8130029129981995,
      1.643547968864441,
      1.5299319958686828,
      1.4838961732387543,
      1.3607294321060182,
      1.307262492775917,
      1.2814365792274476,
      1.2578782188892363,
      1.2593996626138688,
      1.2633834993839264,
      1.3059215837717055,
      1.2586696869134903,
      1.3365196245908737,
      1.4305474877357482,
      1.3718802958726883,
      1.3684333646297455,
      1.376813440322876,
      1.3973202580213546,
      1.5467057085037232,
      1.6167670261859894,
      1.7277798599004746,
      1.7784887164831162,
      1.697997675538063,
      1.9714364469051362,
      2.205367400050163,
      2.0052526956796646,
      1.9194260066747666,
      2.18137759745121,
      2.199534446001053,
      2.2398374408483503,
      2.3702565467357637,
      2.491348818540573,
      2.6823132461309434,
      2.8333427625894547,
      2.7851566898822786,
      2.772947456240654,
      2.6932345098257064
    ],
    "test_acc": [
      31.28125,
      40.40625,
      45.1875,
      47.34375,
      50.46875,
      52.84375,
      54.125,
      55.15625,
      55.15625,
      55.6875,
      55.65625,
      56.5625,
      56.46875,
      55.84375,
      57.3125,
      56.6875,
      57.59375,
      59.59375,
      57.59375,
      57.09375,
      55.78125,
      57.0625,
      57.9375,
      56.6875,
      54.875,
      57.46875,
      59.40625,
      57.90625,
      60.3125,
      60.75,
      59.96875,
      60.5,
      60.84375,
      60.09375,
      61.1875,
      60.03125,
      59.34375
    ]
  }
}