{
  "config": {
    "run_name": "exp1_1",
    "out_dir": "./results",
    "seed": 1681424144,
    "device": null,
    "bs_train": 128,
    "bs_test": 32,
    "batches": 100,
    "epochs": 100,
    "early_stopping": 3,
    "checkpoints": null,
    "lr": 0.001,
    "reg": 0.001,
    "filters_per_layer": [
      32
    ],
    "layers_per_block": 16,
    "pool_every": 8,
    "hidden_dims": [
      1000,
      500,
      100
    ],
    "model_type": "cnn",
    "kw": {}
  },
  "results": {
    "num_epochs": 100,
    "train_loss": [
      2.3037829899787905,
      2.3030282521247862,
      2.3029146885871885,
      2.302829303741455,
      2.3027831983566283,
      2.3027268981933595,
      2.3026889967918396,
      2.3026869463920594,
      2.302648570537567,
      2.302646563053131,
      2.3025882196426393,
      2.3025686073303224,
      2.30257209777832,
      2.3025795435905456,
      2.302546036243439,
      2.3025349950790406,
      2.3025194239616393,
      2.302597825527191,
      2.302512814998627,
      2.302500810623169,
      2.302498300075531,
      2.3024931526184083,
      2.302488021850586,
      2.302504098415375,
      2.3024822521209716,
      2.3024790239334108,
      2.302476654052734,
      2.3024746870994566,
      2.3024718356132508,
      2.302482190132141,
      2.302468385696411,
      2.30246621131897,
      2.3024642658233643,
      2.3024623656272887,
      2.3024606823921205,
      2.3024590754508973,
      2.302465167045593,
      2.3024559664726256,
      2.3024545240402223,
      2.302452461719513,
      2.302476737499237,
      2.302457642555237,
      2.3024529647827148,
      2.3024500679969786,
      2.3024462056159973,
      2.3024445462226866,
      2.302443404197693,
      2.302442367076874,
      2.3024413776397705,
      2.3024405908584593,
      2.302439444065094,
      2.3024381160736085,
      2.302437229156494,
      2.302435932159424,
      2.3024343752861025,
      2.3024331021308897,
      2.302432429790497,
      2.3024313068389892,
      2.302430446147919,
      2.3024297904968263,
      2.3024291133880617,
      2.30242844581604,
      2.302427899837494,
      2.302427270412445,
      2.302426161766052,
      2.302425379753113,
      2.3024248123168944,
      2.30242427110672,
      2.3024236941337586,
      2.3024230909347536,
      2.302422580718994,
      2.3024219822883607,
      2.3024214625358583,
      2.3024208974838256,
      2.302420401573181,
      2.3024198246002197,
      2.302419321537018,
      2.3024188327789306,
      2.302418248653412,
      2.302417778968811,
      2.30241729259491,
      2.30241672039032,
      2.3024162459373474,
      2.302415783405304,
      2.3024152851104738,
      2.302414813041687,
      2.3024140357971192,
      2.3024136233329773,
      2.3024131655693054,
      2.302412755489349,
      2.3024123311042786,
      2.3024118447303774,
      2.302411444187164,
      2.3024109840393066,
      2.3024106097221373,
      2.3024101758003237,
      2.3024097514152526,
      2.3024093461036683,
      2.3024089527130127,
      2.3024085474014284
    ],
    "train_acc": [
      9.7578125,
      9.734375,
      10.109375,
      10.0,
      10.1875,
      10.0546875,
      10.1640625,
      10.140625,
      10.03125,
      9.9609375,
      10.0859375,
      10.21875,
      10.3515625,
      10.328125,
      10.3515625,
      10.3515625,
      10.3515625,
      10.3515625,
      10.3515625,
      10.3515625,
      10.3515625,
      10.3515625,
      10.3515625,
      10.3515625,
      10.3515625,
      10.3515625,
      10.3515625,
      10.3515625,
      10.3515625,
      10.3515625,
      10.3515625,
      10.3515625,
      10.3515625,
      10.3515625,
      10.3515625,
      10.3515625,
      10.3515625,
      10.3515625,
      10.3515625,
      10.3515625,
      10.3515625,
      10.3515625,
      10.3515625,
      10.3515625,
      10.3515625,
      10.3515625,
      10.3515625,
      10.3515625,
      10.3515625,
      10.3515625,
      10.3515625,
      10.3515625,
      10.3515625,
      10.3515625,
      10.3515625,
      10.3515625,
      10.3515625,
      10.3515625,
      10.3515625,
      10.3515625,
      10.3515625,
      10.3515625,
      10.3515625,
      10.3515625,
      10.3515625,
      10.3515625,
      10.3515625,
      10.3515625,
      10.3515625,
      10.3515625,
      10.3515625,
      10.3515625,
      10.3515625,
      10.3515625,
      10.3515625,
      10.3515625,
      10.3515625,
      10.3515625,
      10.3515625,
      10.3515625,
      10.3515625,
      10.3515625,
      10.3515625,
      10.3515625,
      10.3515625,
      10.3515625,
      10.3515625,
      10.3515625,
      10.3515625,
      10.3515625,
      10.3515625,
      10.3515625,
      10.3515625,
      10.3515625,
      10.3515625,
      10.3515625,
      10.3515625,
      10.3515625,
      10.3515625,
      10.3515625
    ],
    "test_loss": [
      2.302923583984375,
      2.302808172702789,
      2.3027161026000975,
      2.3026901078224182,
      2.302669620513916,
      2.302654891014099,
      2.3026471948623657,
      2.3026330924034117,
      2.3026383924484253,
      2.3025947785377503,
      2.302594757080078,
      2.302589249610901,
      2.3025836992263793,
      2.302584373950958,
      2.3025831294059755,
      2.3025775480270387,
      2.3025750660896303,
      2.302586317062378,
      2.3025772070884702,
      2.3025724935531615,
      2.3025694632530214,
      2.3025657081604005,
      2.302563955783844,
      2.302567276954651,
      2.3025630784034727,
      2.302560589313507,
      2.30256076335907,
      2.3025578117370604,
      2.302556757926941,
      2.3025559091567995,
      2.3025551414489747,
      2.3025546312332152,
      2.302554030418396,
      2.302553725242615,
      2.3025534844398496,
      2.302552514076233,
      2.302552490234375,
      2.302551863193512,
      2.3025512719154357,
      2.302548654079437,
      2.302554349899292,
      2.3025540256500245,
      2.3025522470474242,
      2.3025510334968566,
      2.302549030780792,
      2.302548007965088,
      2.3025474524497986,
      2.3025471353530884,
      2.3025462555885317,
      2.3025464725494387,
      2.302546007633209,
      2.3025452756881712,
      2.302544825077057,
      2.302543351650238,
      2.3025429034233094,
      2.3025432896614073,
      2.3025430130958555,
      2.302542803287506,
      2.302542653083801,
      2.302542369365692,
      2.302542297840118,
      2.3025419163703917,
      2.3025417256355287,
      2.3025408816337585,
      2.3025405192375183,
      2.3025405311584475,
      2.3025404620170593,
      2.3025400853157043,
      2.302540051937103,
      2.3025397205352784,
      2.30253933429718,
      2.302539176940918,
      2.302538878917694,
      2.3025387001037596,
      2.302538411617279,
      2.3025380253791807,
      2.3025376343727113,
      2.3025380516052247,
      2.302537658214569,
      2.3025374245643615,
      2.302536818981171,
      2.302537055015564,
      2.3025367212295533,
      2.3025365900993346,
      2.302536356449127,
      2.302535855770111,
      2.3025361490249634,
      2.302535617351532,
      2.302535493373871,
      2.3025353598594664,
      2.302535181045532,
      2.3025354743003845,
      2.3025351214408873,
      2.3025350260734556,
      2.302534775733948,
      2.3025348711013796,
      2.3025346159935,
      2.3025348377227783,
      2.302534348964691,
      2.302534463405609
    ],