{
  "config": {
    "run_name": "exp1_2",
    "out_dir": "./results",
    "seed": 2006244083,
    "device": null,
    "bs_train": 128,
    "bs_test": 32,
    "batches": 100,
    "epochs": 100,
    "early_stopping": 3,
    "checkpoints": null,
    "lr": 0.001,
    "reg": 0.001,
    "filters_per_layer": [
      32
    ],
    "layers_per_block": 8,
    "pool_every": 8,
    "hidden_dims": [
      1000,
      500,
      100
    ],
    "model_type": "cnn",
    "kw": {}
  },
  "results": {
    "num_epochs": 36,
    "train_loss": [
      2.22528990149498,
      1.9557638263702393,
      1.8656082153320312,
      1.7547936308383942,
      1.606629489660263,
      1.4776447188854218,
      1.3727996802330018,
      1.2452711403369903,
      1.1063547229766846,
      0.9751461774110795,
      0.8950812876224518,
      0.8209834843873978,
      0.7166010829806327,
      0.5360091066360474,
      0.4383216677606106,
      0.3627789594233036,
      0.31719321355223656,
      0.28809343934059145,
      0.28810044288635256,
      0.1973429725691676,
      0.14139821406453848,
      0.10651977371424437,
      0.09045896029099822,
      0.08312318155542016,
      0.08946984870359302,
      0.07382688798010349,
      0.06812256798613817,
      0.06793839544057846,
      0.060485586603172124,
      0.031852804088266566,
      0.01952898350544274,
      0.01563000823778566,
      0.011498127936501987,
      0.01151257932302542,
      0.01233375581796281,
      0.027846886719344183
    ],
    "train_acc": [
      15.0546875,
      27.6953125,
      30.3125,
      34.6953125,
      40.390625,
      45.6640625,
      50.359375,
      54.71875,
      60.171875,
      65.5859375,
      68.7578125,
      71.1484375,
      75.28125,
      81.21875,
      84.7109375,
      87.34375,
      89.1015625,
      90.1953125,
      90.40625,
      93.59375,
      95.2890625,
      96.453125,
      97.1171875,
      97.3984375,
      97.140625,
      97.6484375,
      97.9453125,
      97.90625,
      98.15625,
      99.078125,
      99.4609375,
      99.5546875,
      99.65625,
      99.6015625,
      99.6015625,
      99.2890625
    ],
    "test_loss": [
      2.0315467059612273,
      1.8887553536891937,
      1.8137205910682679,
      1.676653310060501,
      1.591851283311844,
      1.542463151216507,
      1.5038971126079559,
      1.5597133886814118,
      1.6544880032539369,
      1.8671701836585999,
      1.9516521978378296,
      2.191715729236603,
      2.019736876487732,
      2.5013941979408263,
      2.45129017829895,
      2.749131832122803,
      3.110382648706436,
      3.452605518102646,
      3.1964294505119324,
      3.4534440302848814,
      3.4619781982898714,
      3.509044817686081,
      3.9195395493507386,
      4.1593084025383,
      4.193812048435211,
      3.9670477056503297,
      4.310297639369964,
      4.0484508192539215,
      3.9551253080368043,
      4.696033506393433,
      5.355970027446747,
      5.206030580997467,
      5.633345758914947,
      5.802659139633179,
      5.944852221012115,
      4.811694176197052
    ],
    "test_acc": [
      26.4375,
      30.3125,
      32.5625,
      38.5,
      43.25,
      45.96875,
      47.28125,
      47.125,
      48.65625,
      48.8125,
      46.8125,
      44.65625,
      45.96875,
      46.09375,
      47.28125,
      45.96875,
      43.71875,
      46.375,
      47.03125,
      46.03125,
      48.0625,
      48.6875,
      47.875,
      47.1875,
      47.75,
      47.15625,
      47.53125,
      47.53125,
      47.6875,
      47.34375,
      48.375,
      48.0,
      47.5625,
      48.96875,
      47.34375,
      48.53125
    ]
  }
}