{
  "config": {
    "run_name": "exp1_1",
    "out_dir": "./results",
    "seed": 2077961680,
    "device": null,
    "bs_train": 128,
    "bs_test": 32,
    "batches": 100,
    "epochs": 100,
    "early_stopping": 3,
    "checkpoints": null,
    "lr": 0.001,
    "reg": 0.001,
    "filters_per_layer": [
      64
    ],
    "layers_per_block": 8,
    "pool_every": 8,
    "hidden_dims": [
      1000,
      500,
      100
    ],
    "model_type": "cnn",
    "kw": {}
  },
  "results": {
    "num_epochs": 30,
    "train_loss": [
      2.299358479976654,
      2.0318520617485047,
      1.8063161838054658,
      1.6177357590198518,
      1.492123099565506,
      1.3880020248889924,
      1.2825634646415711,
      1.155603801012039,
      1.0372274535894395,
      0.9418379306793213,
      0.8226045262813568,
      0.7125089237093926,
      0.5524506524205208,
      0.41372762829065324,
      0.3225449378043413,
      0.26037673354148866,
      0.2524659118056297,
      0.21537768077105285,
      0.15358387356624006,
      0.09170292106457055,
      0.04951285053510219,
      0.035764071154408154,
      0.019302254003705457,
      0.015040639517246745,
      0.013598192759091035,
      0.01165715990937315,
      0.006332045968010788,
      0.012410646309144796,
      0.017811717581062113,
      0.023724228269420566
    ],
    "train_acc": [
      10.5078125,
      24.46875,
      33.09375,
      39.1171875,
      44.7890625,
      48.6171875,
      52.5625,
      57.4296875,
      62.015625,
      66.3359375,
      70.8671875,
      75.78125,
      81.1953125,
      85.5625,
      89.171875,
      91.234375,
      91.5,
      92.7734375,
      94.8671875,
      97.1328125,
      98.4140625,
      98.765625,
      99.390625,
      99.625,
      99.640625,
      99.6171875,
      99.8359375,
      99.6171875,
      99.4921875,
      99.2265625
    ],
    "test_loss": [
      2.2053569030761717,
      1.9071518182754517,
      1.7051887392997742,
      1.6051087856292725,
      1.5112031614780426,
      1.4869935393333436,
      1.4826743191480636,
      1.5025202876329422,
      1.5657224035263062,
      1.7561708521842956,
      2.152490094900131,
      1.925585177540779,
      1.7789957237243652,
      2.069686397314072,
      2.573114947080612,
      2.830136343240738,
      2.8594156229496,
      2.8530369317531585,
      2.990069319009781,
      3.377900938987732,
      3.9976808393001555,
      4.201400485038757,
      4.459780247211456,
      4.741922194957733,
      4.363362009525299,
      4.757416961193084,
      5.130438270568848,
      5.104924371242523,
      4.5804967379570005,
      4.489926369190216
    ],
    "test_acc": [
      18.4375,
      30.3125,
      37.125,
      41.375,
      45.40625,
      47.09375,
      46.875,
      47.65625,
      44.6875,
      45.90625,
      42.21875,
      46.25,
      46.34375,
      47.65625,
      46.96875,
      47.75,
      46.0625,
      50.84375,
      50.4375,
      50.625,
      48.875,
      49.1875,
      50.25,
      49.46875,
      50.75,
      49.65625,
      50.25,
      50.03125,
      50.4375,
      49.90625
    ]
  }
}