{
  "config": {
    "run_name": "exp1_4",
    "out_dir": "./results",
    "seed": 326733344,
    "device": null,
    "bs_train": 128,
    "bs_test": 32,
    "batches": 100,
    "epochs": 100,
    "early_stopping": 3,
    "checkpoints": null,
    "lr": 0.001,
    "reg": 0.001,
    "filters_per_layer": [
      64,
      128,
      256
    ],
    "layers_per_block": 4,
    "pool_every": 8,
    "hidden_dims": [
      1000,
      500,
      100
    ],
    "model_type": "resnet",
    "kw": {}
  },
  "results": {
    "num_epochs": 28,
    "train_loss": [
      2.028333053588867,
      1.636946816444397,
      1.412003172636032,
      1.244606083035469,
      1.0748308181762696,
      0.9224587255716323,
      0.7614874702692032,
      0.6204022169113159,
      0.4886994390189648,
      0.36401661559939386,
      0.30294627919793127,
      0.22950701121240855,
      0.17371894221752882,
      0.1393556372076273,
      0.12746065288782119,
      0.08863539990037679,
      0.050595933767035604,
      0.03566953999921679,
      0.030992335290648043,
      0.021166317376773804,
      0.0216357175540179,
      0.022630469002760948,
      0.021751427392009647,
      0.02642101610545069,
      0.011706084428587928,
      0.01306759808328934,
      0.02109030396793969,
      0.021906212866888382
    ],
    "train_acc": [
      24.5390625,
      40.5625,
      48.2578125,
      54.90625,
      61.4921875,
      67.109375,
      73.2109375,
      78.3125,
      83.5859375,
      87.59375,
      89.640625,
      92.5390625,
      94.0703125,
      95.625,
      96.1875,
      97.3203125,
      98.2265625,
      98.8984375,
      99.1640625,
      99.359375,
      99.3671875,
      99.34375,
      99.359375,
      99.2734375,
      99.71875,
      99.6015625,
      99.3203125,
      99.34375
    ],
    "test_loss": [
      1.8135561990737914,
      1.5421480333805084,
      1.4806225085258484,
      1.4100440192222594,
      1.4761458784341812,
      1.610447769165039,
      1.720771753191948,
      1.9616448152065278,
      2.3392655026912688,
      2.2844661605358123,
      2.4373794627189636,
      2.7977254283428192,
      2.559775166511536,
      2.768973137140274,
      2.998066079616547,
      2.90311910033226,
      3.1172835528850555,
      3.3123435974121094,
      3.3651319539546964,
      3.574790391921997,
      3.3031019592285156,
      3.43380269408226,
      3.5502025961875914,
      3.4600692582130432,
      3.6278813064098356,
      3.8265667688846587,
      3.5619259321689607,
      3.4849010026454925
    ],
    "test_acc": [
      32.21875,
      44.46875,
      47.46875,
      50.5,
      50.375,
      50.96875,
      49.59375,
      48.59375,
      47.875,
      50.1875,
      49.71875,
      49.28125,
      52.09375,
      51.65625,
      51.5,
      52.53125,
      52.1875,
      52.4375,
      53.40625,
      51.6875,
      52.1875,
      52.46875,
      52.59375,
      51.96875,
      52.3125,
      51.28125,
      53.4375,
      52.59375
    ]
  }
}