{
  "config": {
    "run_name": "exp1_2",
    "out_dir": "./results",
    "seed": 666469063,
    "device": null,
    "bs_train": 128,
    "bs_test": 32,
    "batches": 100,
    "epochs": 100,
    "early_stopping": 3,
    "checkpoints": null,
    "lr": 0.001,
    "reg": 0.001,
    "filters_per_layer": [
      64
    ],
    "layers_per_block": 8,
    "pool_every": 8,
    "hidden_dims": [
      1000,
      500,
      100
    ],
    "model_type": "cnn",
    "kw": {}
  },
  "results": {
    "num_epochs": 85,
    "train_loss": [
      2.2025823068618773,
      1.9460418450832366,
      1.8059274649620056,
      1.6443309795856476,
      1.4884158039093018,
      1.360263296365738,
      1.23133911550045,
      1.1215771305561066,
      1.0178089863061905,
      0.8751613116264343,
      0.6983649152517318,
      0.5774706614017486,
      0.5238204762339592,
      0.45722532749176026,
      0.38336769700050355,
      0.28513991452753545,
      0.18350416153669358,
      0.11816647432744504,
      0.10743594655767083,
      0.11014014679938555,
      0.08537988269235938,
      0.058426782961469144,
      0.03349539862014353,
      0.0311747949977871,
      0.026177168654976414,
      0.03166122500551864,
      0.03201588146388531,
      0.02714379574288614,
      0.0175343523157062,
      0.023830444152117707,
      0.027827887660823763,
      0.016883452745969408,
      0.029431598453084008,
      0.027467471085255966,
      0.025362355702673086,
      0.014654468371300028,
      0.02249083141796291,
      0.01740274436364416,
      0.021718787288991733,
      0.024862287467112765,
      0.016687383611570114,
      0.02004920461331494,
      0.03144074073410593,
      0.011565387996379286,
      0.01961248643172439,
      0.015602158280380536,
      0.02450411353027448,
      0.023689837020356208,
      0.01401190922682872,
      0.02483779258473078,
      0.019867594566603655,
      0.014966674002644141,
      0.01742512611555867,
      0.01990469197917264,
      0.014443851544056087,
      0.02859743969223928,
      0.021782404900586697,
      0.028860873644589446,
      0.015346904062025714,
      0.010378079871297814,
      0.009826114004536066,
      0.028701180822681634,
      0.014812182631285396,
      0.009599375329125906,
      0.01721340296266135,
      0.019006516735244075,
      0.01119138164067408,
      0.01840362834074767,
      0.02360628510126844,
      0.019868421042192493,
      0.011919935604964849,
      0.009404302696857485,
      0.012711769434390589,
      0.030084003510419278,
      0.0207182506841491,
      0.01259410067970748,
      0.02065958216669969,
      0.00897141339009977,
      0.016235113732254832,
      0.009537420091655804,
      0.019021161769633182,
      0.004732364998490084,
      0.008353288592224999,
      0.011035443744040094,
      0.015573236317723059
    ],
    "train_acc": [
      16.5625,
      28.1640625,
      32.296875,
      38.1953125,
      44.8671875,
      50.171875,
      55.1171875,
      59.375,
      63.171875,
      68.6796875,
      74.984375,
      79.7578125,
      81.8359375,
      84.234375,
      86.59375,
      90.21875,
      93.59375,
      96.3515625,
      96.4765625,
      96.4921875,
      97.328125,
      98.2109375,
      98.9609375,
      99.0625,
      99.1875,
      98.9375,
      99.0625,
      99.1796875,
      99.390625,
      99.3359375,
      99.15625,
      99.4296875,
      99.046875,
      99.234375,
      99.2578125,
      99.578125,
      99.2109375,
      99.390625,
      99.3203125,
      99.2265625,
      99.5234375,
      99.4609375,
      99.046875,
      99.609375,
      99.40625,
      99.5703125,
      99.1484375,
      99.296875,
      99.609375,
      99.3203125,
      99.4765625,
      99.46875,
      99.4765625,
      99.4609375,
      99.484375,
      99.0703125,
      99.3984375,
      99.25,
      99.546875,
      99.65625,
      99.7109375,
      99.0859375,
      99.546875,
      99.71875,
      99.546875,
      99.484375,
      99.6640625,
      99.515625,
      99.34375,
      99.4609375,
      99.6484375,
      99.671875,
      99.6875,
      99.140625,
      99.390625,
      99.5390625,
      99.34375,
      99.7109375,
      99.609375,
      99.7109375,
      99.421875,
      99.8515625,
      99.765625,
      99.6640625,
      99.53125
    ],
    "test_loss": [
      2.0049363696575164,
      1.8989542734622955,
      1.7601082110404969,
      1.6100878858566283,
      1.505027780532837,
      1.4857991802692414,
      1.5261506700515748,
      1.6409620624780654,
      1.5722753751277923,
      1.6959257125854492,
      1.726385516524315,
      2.0247104179859163,
      2.3830258452892306,
      2.3390185058116915,
      2.8640842914581297,
      2.7979349732398986,
      3.3159393632411955,
      3.5274306988716124,
      3.4954752826690676,
      3.461293503046036,
      3.347501394748688,
      3.5015111994743346,
      4.169560158252716,
      4.482193858623504,
      4.667711131572723,
      4.37248858332634,
      4.6266109251976015,
      4.51718606710434,
      4.82988045334816,
      4.826346428394317,
      4.500045336484909,
      4.822859684228897,
      4.273875602483749,
      4.375095145702362,
      4.715127010345459,
      4.64476760149002,
      4.627721350193024,
      5.013222861289978,
      4.917137038707733,
      4.721474380493164,
      5.012096271514893,
      5.403693306446075,
      4.360317647457123,
      5.447848832607269,
      5.070959916114807,
      5.0135686349868775,
      4.745839691162109,
      4.406450433731079,
      4.677880120277405,
      4.498603649139405,
      4.325447874069214,
      4.322145626544953,
      4.417909450531006,
      4.322987368106842,
      4.916921453475952,
      4.2904563236236575,
      4.082176682949066,
      3.8516879796981813,
      4.41084689617157,
      5.005824780464172,
      4.808291401863098,
      3.958174784183502,
      4.391750807762146,
      5.312512097358703,
      4.3458271718025205,
      4.508693382740021,
      4.997069692611694,
      4.2264758539199825,
      4.300200860500336,
      4.192741774320602,
      4.349980150461197,
      4.869689524173737,
      4.557674489021301,
      4.006107182502746,
      4.016832451820374,
      5.2478607296943665,
      4.364842879772186,
      4.627165789604187,
      4.095493972301483,
      4.75962587594986,
      3.980685954093933,
      4.531774504184723,
      4.413995749950409,
      4.436228156089783,
      4.232788957357407
    ],
    "test_acc": [
      26.625,
      30.21875,
      32.84375,
      41.75,
      46.3125,
      49.3125,
      49.75,
      47.03125,
      48.28125,
      45.21875,
      49.75,
      48.125,
      46.625,
      49.40625,
      47.09375,
      49.84375,
      49.78125,
      49.59375,
      49.03125,
      47.75,
      47.375,
      49.875,
      50.53125,
      50.8125,
      50.28125,
      50.59375,
      49.46875,
      49.71875,
      50.09375,
      47.6875,
      50.1875,
      49.375,
      50.53125,
      49.375,
      50.46875,
      50.84375,
      48.96875,
      49.53125,
      48.25,
      50.53125,
      49.21875,
      49.90625,
      48.9375,
      49.625,
      48.125,
      49.3125,
      47.6875,
      49.28125,
      49.0625,
      49.09375,
      50.65625,
      49.28125,
      48.15625,
      50.03125,
      49.5,
      48.84375,
      49.65625,
      49.21875,
      49.125,
      48.875,
      49.84375,
      50.375,
      49.09375,
      49.125,
      49.65625,
      50.0625,
      49.8125,
      49.75,
      48.28125,
      50.09375,
      51.625,
      51.28125,
      50.125,
      48.15625,
      51.46875,
      50.0,
      49.9375,
      49.96875,
      51.875,
      49.90625,
      51.3125,
      51.5625,
      50.9375,
      49.40625,
      51.65625
    ]
  }
}