{
  "config": {
    "run_name": "exp1_1",
    "out_dir": "./results",
    "seed": 627760184,
    "device": null,
    "bs_train": 128,
    "bs_test": 32,
    "batches": 100,
    "epochs": 100,
    "early_stopping": 3,
    "checkpoints": null,
    "lr": 0.001,
    "reg": 0.001,
    "filters_per_layer": [
      64
    ],
    "layers_per_block": 2,
    "pool_every": 8,
    "hidden_dims": [
      1000,
      500,
      100
    ],
    "model_type": "cnn",
    "kw": {}
  },
  "results": {
    "num_epochs": 22,
    "train_loss": [
      1.9141885936260223,
      1.524378900527954,
      1.3287151753902435,
      1.1184705996513367,
      0.8998824191093445,
      0.6893138509988784,
      0.5314118236303329,
      0.35919010370969773,
      0.21234763145446778,
      0.14657185215502977,
      0.12010729745030403,
      0.07827590907923877,
      0.06924456357955933,
      0.029755910374224186,
      0.01772726608207449,
      0.01364465142833069,
      0.007921026240801439,
      0.002567413503129501,
      0.0007524779966115602,
      0.0012032931345311226,
      0.0029218923894222828,
      0.009084240811062046
    ],
    "train_acc": [
      28.8359375,
      44.0703125,
      51.9453125,
      59.5390625,
      67.5546875,
      75.5234375,
      81.5078125,
      87.7421875,
      92.6484375,
      95.265625,
      96.09375,
      97.546875,
      97.8125,
      99.09375,
      99.5,
      99.640625,
      99.8046875,
      99.984375,
      99.9921875,
      99.9765625,
      99.9296875,
      99.75
    ],
    "test_loss": [
      1.637276338338852,
      1.5770340871810913,
      1.4132019650936127,
      1.4269921720027923,
      1.480037261247635,
      1.7518355935811996,
      2.0101190811395644,
      2.240683764219284,
      2.188259197473526,
      2.4823253560066223,
      2.5987499022483824,
      2.6670228707790375,
      2.6788358521461486,
      3.1163023352622985,
      3.4686802792549134,
      3.4878716707229613,
      3.4228882932662965,
      3.589673945903778,
      3.6593090224266054,
      3.8057445788383486,
      3.942142252922058,
      3.8521490335464477
    ],
    "test_acc": [
      38.90625,
      44.25,
      49.84375,
      49.59375,
      51.25,
      51.40625,
      49.59375,
      50.4375,
      51.3125,
      51.625,
      52.5625,
      51.34375,
      52.75,
      52.46875,
      51.5625,
      52.40625,
      53.5625,
      54.0625,
      54.46875,
      53.65625,
      53.6875,
      52.28125
    ]
  }
}