{
  "config": {
    "run_name": "exp1_4",
    "out_dir": "./results",
    "seed": 1876268751,
    "device": null,
    "bs_train": 128,
    "bs_test": 32,
    "batches": 100,
    "epochs": 100,
    "early_stopping": 3,
    "checkpoints": null,
    "lr": 0.001,
    "reg": 0.001,
    "filters_per_layer": [
      32
    ],
    "layers_per_block": 32,
    "pool_every": 8,
    "hidden_dims": [
      1000,
      500,
      100
    ],
    "model_type": "resnet",
    "kw": {}
  },
  "results": {
    "num_epochs": 56,
    "train_loss": [
      2.1294512188434602,
      1.8775341880321503,
      1.6933332419395446,
      1.6026119148731233,
      1.5412759184837341,
      1.4724783146381377,
      1.3898351061344147,
      1.3373512053489685,
      1.3062521922588348,
      1.256942744255066,
      1.2217801022529602,
      1.1770585054159164,
      1.1396163284778595,
      1.0939368522167205,
      1.0695084005594253,
      1.0531625723838807,
      1.0133618515729905,
      0.9840357118844986,
      0.9464339071512222,
      0.907248929142952,
      0.8761229693889618,
      0.8420299583673477,
      0.839312527179718,
      0.8165471947193146,
      0.7955796086788177,
      0.7655126488208771,
      0.7408097952604293,
      0.7233508893847466,
      0.7057001554965973,
      0.6501965612173081,
      0.6058961188793183,
      0.5558368986845017,
      0.5621059700846672,
      0.548694617152214,
      0.5469810023903847,
      0.5617789652943611,
      0.5528344723582268,
      0.5418583729863167,
      0.5183832883834839,
      0.4999913349747658,
      0.47089993074536324,
      0.4380473005771637,
      0.44488451212644575,
      0.40631327241659165,
      0.3686069379746914,
      0.3549886099994183,
      0.36701452448964117,
      0.3308363321423531,
      0.3106837928295135,
      0.2941113942861557,
      0.27966490253806114,
      0.27497039660811423,
      0.2562916339933872,
      0.2658461535722017,
      0.28213234364986417,
      0.2862534399330616
    ],
    "train_acc": [
      19.4375,
      29.0859375,
      35.78125,
      39.59375,
      42.0859375,
      45.765625,
      48.6953125,
      50.78125,
      52.046875,
      54.1171875,
      55.6875,
      57.5703125,
      58.453125,
      60.53125,
      61.5390625,
      62.1328125,
      63.796875,
      64.375,
      66.328125,
      67.3046875,
      68.5078125,
      69.78125,
      70.453125,
      71.109375,
      71.8828125,
      72.546875,
      73.609375,
      73.8515625,
      74.9921875,
      76.984375,
      78.5078125,
      80.125,
      79.953125,
      80.15625,
      80.171875,
      79.8125,
      80.234375,
      80.5625,
      81.578125,
      82.4296875,
      83.21875,
      84.6328125,
      84.4140625,
      85.359375,
      86.828125,
      87.1875,
      86.84375,
      87.9609375,
      89.0234375,
      89.640625,
      89.953125,
      90.0546875,
      90.8984375,
      90.3359375,
      90.046875,
      89.9921875
    ],
    "test_loss": [
      1.9483218908309936,
      1.7953447127342224,
      1.6086836850643158,
      1.5779908359050752,
      1.5140476322174072,
      1.5033723211288452,
      1.4161399984359742,
      1.3893068873882293,
      1.33521899163723,
      1.3125502586364746,
      1.3021293026208878,
      1.2653036338090897,
      1.2498886066675186,
      1.2429653519392014,
      1.2365306901931763,
      1.2149851042032243,
      1.2281128823757173,
      1.2834953945875167,
      1.2973908758163453,
      1.3289991360902786,
      1.2682399129867554,
      1.2955063366889954,
      1.3773059821128846,
      1.446542999148369,
      1.49746699988842,
      1.4920470559597014,
      1.3493493407964707,
      1.3723129934072495,
      1.3582283532619477,
      1.3927334606647492,
      1.464493346810341,
      1.4389583921432496,
      1.3980823457241058,
      1.3658844196796418,
      1.47649644613266,
      1.6112745481729507,
      1.6410832768678665,
      1.6271145552396775,
      1.5570971798896789,
      1.5079045903682708,
      1.6049052584171295,
      1.6175254547595979,
      1.6856084275245666,
      1.7241923934221268,
      1.7702862811088562,
      1.7479034984111785,
      1.6983610159158706,
      1.8219481602311134,
      1.9699621140956878,
      1.88381869494915,
      1.9177789080142975,
      2.0815644311904906,
      2.2050439143180847,
      2.1513687479496,
      2.0985729932785033,
      2.080646222829819
    ],
    "test_acc": [
      26.21875,
      31.34375,
      40.875,
      41.375,
      44.0625,
      45.40625,
      48.0625,
      49.28125,
      51.40625,
      52.96875,
      54.125,
      55.21875,
      55.71875,
      55.59375,
      56.0625,
      56.875,
      57.0625,
      55.5,
      55.28125,
      54.46875,
      56.71875,
      56.375,
      55.21875,
      54.84375,
      54.78125,
      54.8125,
      57.5,
      57.375,
      56.84375,
      57.09375,
      56.46875,
      56.59375,
      57.875,
      57.59375,
      55.4375,
      55.25,
      55.71875,
      57.03125,
      57.5,
      58.09375,
      57.4375,
      57.625,
      56.125,
      56.28125,
      56.71875,
      58.125,
      58.15625,
      56.875,
      55.5,
      57.0625,
      56.5625,
      55.84375,
      54.21875,
      55.4375,
      55.21875,
      56.6875
    ]
  }
}