{
  "config": {
    "run_name": "exp1_3",
    "out_dir": "./results",
    "seed": 434488127,
    "device": null,
    "bs_train": 128,
    "bs_test": 32,
    "batches": 100,
    "epochs": 100,
    "early_stopping": 3,
    "checkpoints": null,
    "lr": 0.001,
    "reg": 0.001,
    "filters_per_layer": [
      64,
      128,
      256
    ],
    "layers_per_block": 2,
    "pool_every": 8,
    "hidden_dims": [
      1000,
      500,
      100
    ],
    "model_type": "cnn",
    "kw": {}
  },
  "results": {
    "num_epochs": 48,
    "train_loss": [
      2.1230392551422117,
      1.8802937602996825,
      1.7152423024177552,
      1.5822071731090546,
      1.4336114585399629,
      1.2668985658884049,
      1.1038131082057954,
      0.9551591801643372,
      0.8264642399549484,
      0.7016526332497597,
      0.515530994683504,
      0.40846539750695227,
      0.3284458535909653,
      0.21755860827863216,
      0.16834318205714227,
      0.1114170186407864,
      0.06420382787007839,
      0.0433374553360045,
      0.028822034867480396,
      0.01910317443369422,
      0.012885644513880834,
      0.01921802665980067,
      0.010839109570952132,
      0.004022292663212284,
      0.01620779040385969,
      0.027307647966081275,
      0.01650809866929194,
      0.009480709014169406,
      0.02546693643729668,
      0.024687825262080878,
      0.018616833570413292,
      0.03187612074543722,
      0.014547477404994425,
      0.009956911859626416,
      0.021057577721585403,
      0.023259068307233975,
      0.01789469764276873,
      0.014637942126428242,
      0.03032930079032667,
      0.021443709929008035,
      0.013536000620515552,
      0.023675046023126926,
      0.02296333898091689,
      0.024777495790622196,
      0.007249628833960742,
      0.008359905814941157,
      0.013605661482724827,
      0.03090781975770369
    ],
    "train_acc": [
      20.5546875,
      30.34375,
      37.59375,
      42.3671875,
      47.9453125,
      54.46875,
      60.140625,
      66.21875,
      71.3125,
      75.859375,
      82.515625,
      85.8984375,
      88.9609375,
      92.9296875,
      94.4375,
      96.5546875,
      97.9453125,
      98.703125,
      99.203125,
      99.421875,
      99.6640625,
      99.4921875,
      99.671875,
      99.8828125,
      99.5703125,
      99.1796875,
      99.5,
      99.71875,
      99.3203125,
      99.234375,
      99.4453125,
      99.078125,
      99.53125,
      99.6796875,
      99.4609375,
      99.2421875,
      99.3984375,
      99.5625,
      99.1484375,
      99.453125,
      99.5859375,
      99.2890625,
      99.453125,
      99.3359375,
      99.78125,
      99.7578125,
      99.5859375,
      99.171875
    ],
    "test_loss": [
      1.9699796450138092,
      1.8039061748981475,
      1.6864114093780518,
      1.5836425459384917,
      1.5456483256816864,
      1.5860950005054475,
      1.6825516140460968,
      1.690896875858307,
      2.5771026372909547,
      2.3398405373096467,
      2.40631622672081,
      2.705242052078247,
      2.7434629082679747,
      2.958545207977295,
      3.0988762509822845,
      3.371636440753937,
      3.5806559205055235,
      3.8718739771842956,
      3.933605098724365,
      4.3246291065216065,
      4.593453662395477,
      4.042016746997834,
      4.640224516391754,
      5.083765289783478,
      4.671118222475052,
      4.221441501379013,
      4.276064536571503,
      5.277415571212768,
      4.295442481040954,
      4.111005220413208,
      4.810898563861847,
      4.0569912672042845,
      4.335297133922577,
      4.768959672451019,
      3.9012062168121338,
      4.42038399219513,
      4.5063841962814335,
      4.6179158711433415,
      4.067812339067459,
      4.159430460929871,
      4.544475944042206,
      4.551356710195542,
      4.506532759666443,
      4.1942153322696685,
      5.054529232978821,
      4.972042497396469,
      4.67751371383667,
      4.586055363416672
    ],
    "test_acc": [
      28.4375,
      34.6875,
      40.15625,
      42.0625,
      45.40625,
      46.3125,
      43.5625,
      46.71875,
      40.21875,
      41.9375,
      47.21875,
      46.5625,
      47.1875,
      47.21875,
      48.8125,
      47.75,
      48.34375,
      48.5,
      48.6875,
      48.28125,
      49.34375,
      48.28125,
      48.90625,
      48.90625,
      47.1875,
      48.0625,
      47.96875,
      46.84375,
      48.71875,
      48.46875,
      47.34375,
      47.9375,
      48.5,
      48.53125,
      48.46875,
      48.09375,
      47.78125,
      47.65625,
      46.25,
      48.53125,
      47.6875,
      47.875,
      48.09375,
      47.5,
      49.46875,
      49.03125,
      46.96875,
      48.625
    ]
  }
}