{
  "config": {
    "run_name": "exp1_2",
    "out_dir": "./results",
    "seed": 1585534854,
    "device": null,
    "bs_train": 128,
    "bs_test": 32,
    "batches": 100,
    "epochs": 100,
    "early_stopping": 3,
    "checkpoints": null,
    "lr": 0.001,
    "reg": 0.001,
    "filters_per_layer": [
      128
    ],
    "layers_per_block": 4,
    "pool_every": 8,
    "hidden_dims": [
      1000,
      500,
      100
    ],
    "model_type": "cnn",
    "kw": {}
  },
  "results": {
    "num_epochs": 45,
    "train_loss": [
      2.090003682374954,
      1.7176142525672913,
      1.4973258507251739,
      1.3188290286064148,
      1.1509492087364197,
      1.035439936518669,
      0.8354521265625954,
      0.7060920825600624,
      0.5400991329550743,
      0.4054813389480114,
      0.2689953312277794,
      0.18770894315093756,
      0.1582191714271903,
      0.125724643394351,
      0.09234576697461307,
      0.03950387794990093,
      0.021897193995537235,
      0.02389072039513849,
      0.021372471028007566,
      0.014734433952253313,
      0.011972809952276293,
      0.020753844723221847,
      0.013203342056367546,
      0.012281915903149638,
      0.012653380862684572,
      0.013409540249558632,
      0.011665612270589917,
      0.023757802679028828,
      0.024610635079443454,
      0.01685918759962078,
      0.01592648767051287,
      0.03076559093897231,
      0.03069977416715119,
      0.02235427207488101,
      0.02399735048529692,
      0.013180246489937417,
      0.008359183010979905,
      0.029369373409135733,
      0.02349439011013601,
      0.01772391570499167,
      0.009387822583157686,
      0.001801280948893691,
      0.0034983620394632453,
      0.011240438709901355,
      0.03155278494552476
    ],
    "train_acc": [
      21.9140625,
      36.7578125,
      44.5,
      51.9140625,
      58.4296875,
      62.2890625,
      69.6171875,
      75.25,
      81.0390625,
      86.34375,
      90.9921875,
      94.09375,
      94.734375,
      96.0234375,
      97.234375,
      98.8046875,
      99.4296875,
      99.328125,
      99.375,
      99.5390625,
      99.75,
      99.390625,
      99.6640625,
      99.6796875,
      99.671875,
      99.640625,
      99.75,
      99.3203125,
      99.2421875,
      99.5625,
      99.4921875,
      99.1015625,
      99.1015625,
      99.3671875,
      99.3046875,
      99.5859375,
      99.7109375,
      99.1640625,
      99.2890625,
      99.515625,
      99.703125,
      99.9375,
      99.8984375,
      99.6796875,
      99.1875
    ],
    "test_loss": [
      1.8579447996616363,
      1.6693836450576782,
      1.5667032325267791,
      1.455695863366127,
      1.4547266453504561,
      1.602952178120613,
      1.9741369938850404,
      2.079090960025787,
      2.386209565401077,
      2.445550888776779,
      2.619741176366806,
      2.741751880645752,
      2.9908889734745028,
      3.230257966518402,
      3.313128103017807,
      3.5582609188556673,
      3.8753037786483766,
      4.134790480136871,
      3.9280164408683778,
      3.9973820996284486,
      3.9071609580516817,
      3.990226938724518,
      4.218557212352753,
      4.128739471435547,
      4.418588508367538,
      4.253891105651856,
      4.380013030767441,
      4.045350472927094,
      3.794655237197876,
      4.0761971759796145,
      4.339676299095154,
      3.8386377263069154,
      3.7680679357051847,
      4.088307676315307,
      3.746867917776108,
      4.244988009929657,
      4.861475694179535,
      4.243668850660324,
      4.278866529464722,
      4.088921582698822,
      4.12252166390419,
      4.61069320678711,
      4.798171064853668,
      4.777968680858612,
      4.197282066345215
    ],
    "test_acc": [
      33.4375,
      40.71875,
      45.34375,
      49.59375,
      49.84375,
      49.4375,
      47.09375,
      46.59375,
      44.3125,
      48.75,
      49.75,
      51.09375,
      48.90625,
      48.28125,
      49.3125,
      50.9375,
      50.5625,
      48.6875,
      50.625,
      51.25,
      51.65625,
      50.25,
      51.28125,
      50.34375,
      50.6875,
      51.125,
      50.46875,
      49.40625,
      48.84375,
      50.5625,
      49.34375,
      49.5625,
      49.3125,
      49.34375,
      49.375,
      49.53125,
      49.28125,
      49.96875,
      50.1875,
      49.8125,
      51.46875,
      51.15625,
      50.5625,
      50.25,
      48.5
    ]
  }
}