{
  "config": {
    "run_name": "exp1_3",
    "out_dir": "./results",
    "seed": 1016368127,
    "device": null,
    "bs_train": 128,
    "bs_test": 32,
    "batches": 100,
    "epochs": 100,
    "early_stopping": 3,
    "checkpoints": null,
    "lr": 0.001,
    "reg": 0.001,
    "filters_per_layer": [
      64,
      128,
      256
    ],
    "layers_per_block": 4,
    "pool_every": 8,
    "hidden_dims": [
      1000,
      500,
      100
    ],
    "model_type": "cnn",
    "kw": {}
  },
  "results": {
    "num_epochs": 56,
    "train_loss": [
      2.303440339565277,
      2.2410673475265503,
      2.020198994874954,
      1.9247588682174683,
      1.826029703617096,
      1.7559749388694763,
      1.6975048661231995,
      1.6590776336193085,
      1.6124233567714692,
      1.5599938976764678,
      1.501641685962677,
      1.4255718171596528,
      1.3808293342590332,
      1.3430810832977296,
      1.274204856157303,
      1.1943699711561202,
      1.2090264493227005,
      1.1313670682907104,
      1.0082745671272277,
      0.9371458679437638,
      0.8981592038273811,
      0.9084594908356667,
      0.9005970880389214,
      0.7809755173325539,
      0.7013682402670384,
      0.6330311778187752,
      0.6540021300315857,
      0.5690693446993828,
      0.4653452098369598,
      0.4083173260092735,
      0.30395891077816484,
      0.24572245888411998,
      0.21293162912130356,
      0.19094467237591745,
      0.17937092628329993,
      0.173331364877522,
      0.1654512819647789,
      0.1524924489669502,
      0.15504465172067283,
      0.11472047246992588,
      0.1042524016648531,
      0.12196818290278316,
      0.09978296558838337,
      0.1177245422732085,
      0.09377806038362906,
      0.07440918466541917,
      0.04263618203112855,
      0.038158095772378144,
      0.03602061286335811,
      0.03294396384852007,
      0.028348215603036808,
      0.02802132879034616,
      0.01677269184321631,
      0.018143418804975227,
      0.020432656396878884,
      0.02232641224982217
    ],
    "train_acc": [
      9.578125,
      13.390625,
      24.390625,
      28.34375,
      32.296875,
      36.0,
      38.71875,
      40.0625,
      41.65625,
      44.1640625,
      46.265625,
      48.59375,
      50.3828125,
      51.5625,
      54.125,
      57.03125,
      56.765625,
      59.59375,
      63.828125,
      66.8515625,
      68.7734375,
      68.3515625,
      69.078125,
      73.0546875,
      75.40625,
      78.125,
      77.7890625,
      81.0234375,
      83.9375,
      86.2421875,
      89.875,
      91.9765625,
      92.9453125,
      93.8125,
      94.2890625,
      94.6015625,
      94.9140625,
      95.1953125,
      95.34375,
      96.421875,
      97.0078125,
      96.3828125,
      96.734375,
      96.5234375,
      97.125,
      97.78125,
      98.75,
      99.0390625,
      98.9921875,
      99.21875,
      99.171875,
      99.234375,
      99.421875,
      99.4453125,
      99.4375,
      99.3359375
    ],
    "test_loss": [
      2.303103642463684,
      2.083132476806641,
      1.964921112060547,
      1.890310525894165,
      1.7865849900245667,
      1.7438776254653932,
      1.709146627187729,
      1.7377763438224791,
      1.7696999895572663,
      1.6870212435722352,
      1.6325162041187287,
      1.7241005885601044,
      1.6742289066314697,
      1.7415023136138916,
      1.8806225728988648,
      2.0296107184886933,
      1.8985883176326752,
      2.040112380981445,
      2.3861192977428436,
      2.803480387926102,
      2.3192728316783904,
      2.402078773975372,
      2.5287251484394075,
      2.193498967885971,
      2.282272469997406,
      3.3327723932266236,
      3.147147765159607,
      2.820803303718567,
      2.944070118665695,
      3.652240355014801,
      4.1553098320960995,
      3.8713761734962464,
      4.472705550193787,
      4.668989248275757,
      4.456544187068939,
      4.798389129638672,
      4.47901823759079,
      4.214254703521728,
      4.334400155544281,
      4.348276789188385,
      5.2526069688797,
      4.215169215202332,
      4.821155970096588,
      5.262931027412415,
      5.2798063397407535,
      5.254728891849518,
      5.861919274330139,
      5.410765831470489,
      5.265438487529755,
      5.8990610671043395,
      6.380116891860962,
      6.076283435821534,
      6.612884585857391,
      6.6113716340065,
      6.416531655788422,
      6.560907969474792
    ],
    "test_acc": [
      9.96875,
      20.53125,
      27.46875,
      30.53125,
      35.6875,
      37.46875,
      38.875,
      39.90625,
      39.15625,
      41.59375,
      42.8125,
      41.375,
      42.78125,
      41.15625,
      40.28125,
      39.34375,
      40.65625,
      39.28125,
      39.125,
      37.84375,
      39.625,
      39.5625,
      39.125,
      40.15625,
      39.59375,
      34.65625,
      34.28125,
      36.46875,
      39.65625,
      38.78125,
      38.8125,
      38.90625,
      37.40625,
      38.75,
      38.40625,
      40.3125,
      39.5625,
      38.59375,
      37.09375,
      37.125,
      37.25,
      38.84375,
      40.09375,
      39.09375,
      39.6875,
      39.53125,
      39.5625,
      39.78125,
      39.40625,
      40.125,
      39.09375,
      40.90625,
      40.09375,
      39.34375,
      39.125,
      39.90625
    ]
  }
}