{
  "config": {
    "run_name": "exp1_2",
    "out_dir": "./results",
    "seed": 1448345219,
    "device": null,
    "bs_train": 128,
    "bs_test": 32,
    "batches": 100,
    "epochs": 100,
    "early_stopping": 3,
    "checkpoints": null,
    "lr": 0.001,
    "reg": 0.001,
    "filters_per_layer": [
      64
    ],
    "layers_per_block": 4,
    "pool_every": 8,
    "hidden_dims": [
      1000,
      500,
      100
    ],
    "model_type": "cnn",
    "kw": {}
  },
  "results": {
    "num_epochs": 100,
    "train_loss": [
      2.013337044715881,
      1.6484268701076508,
      1.4631217122077942,
      1.3082127463817597,
      1.1469324642419816,
      0.9264332473278045,
      0.7421663922071456,
      0.5569241616129875,
      0.40947914198040963,
      0.2783429466933012,
      0.196274693608284,
      0.15200991060584784,
      0.09913709393702447,
      0.05398832318838686,
      0.05024637097027153,
      0.030807996958028525,
      0.019051795947598295,
      0.010305998982512393,
      0.006300098551582778,
      0.009709607312543085,
      0.00394146312130033,
      0.0009623048499634024,
      0.000179488283538376,
      4.813684651253425e-05,
      2.7854458662659452e-05,
      2.1640336453856433e-05,
      1.801488932187567e-05,
      1.5280690947747645e-05,
      1.3173207682939393e-05,
      1.1415990269370013e-05,
      9.991359921741606e-06,
      8.836968611376505e-06,
      7.887032296594043e-06,
      7.095686844422744e-06,
      6.428188146401226e-06,
      5.797033442718202e-06,
      5.249187869367233e-06,
      4.807459146718429e-06,
      4.422190639274959e-06,
      4.080450780747924e-06,
      3.7744835935882294e-06,
      3.497651435111493e-06,
      3.247328679094608e-06,
      3.020768891701664e-06,
      2.8114912390719836e-06,
      2.621070156010319e-06,
      2.4448960505196737e-06,
      2.2847758933153273e-06,
      2.1355225018737656e-06,
      1.9964380371106927e-06,
      1.8657156903145734e-06,
      1.7451158416292856e-06,
      1.6341821776677533e-06,
      1.5310243094290853e-06,
      1.4364525547705397e-06,
      1.3479897805268592e-06,
      1.2670701951833508e-06,
      1.1901549748927208e-06,
      1.1188645490278759e-06,
      1.0522770136844884e-06,
      9.899080934872018e-07,
      9.317299461031325e-07,
      8.780219229720387e-07,
      8.282159740247153e-07,
      7.810920916995201e-07,
      7.371625132179816e-07,
      6.960174783898765e-07,
      6.573031195955537e-07,
      6.208983417366198e-07,
      5.863747693979349e-07,
      5.534809535845398e-07,
      5.226918742096132e-07,
      4.939050884189555e-07,
      4.665897405686792e-07,
      4.407272204787205e-07,
      4.1674593973084486e-07,
      3.9392878157684665e-07,
      3.7054352723941976e-07,
      3.4983111575570546e-07,
      3.3011518993930624e-07,
      3.119359253389575e-07,
      2.9382183633686057e-07,
      2.7735617749158335e-07,
      2.6130960421255624e-07,
      2.4572868106531587e-07,
      2.315912944794718e-07,
      2.175284044625414e-07,
      2.040894938204474e-07,
      1.916657146949774e-07,
      1.7957720537253864e-07,
      1.682151235726792e-07,
      1.5734663442401597e-07,
      1.4703693381079576e-07,
      1.3728602038298732e-07,
      1.285781849347245e-07,
      1.2019630748483224e-07,
      1.1272712423959775e-07,
      1.0577016141155581e-07,
      9.91671027250618e-08,
      9.310420763242178e-08
    ],
    "train_acc": [
      25.1015625,
      39.8125,
      46.1640625,
      52.4375,
      58.71875,
      67.140625,
      73.765625,
      80.53125,
      85.9765625,
      90.6484375,
      93.5859375,
      95.1953125,
      96.9609375,
      98.2421875,
      98.4765625,
      99.0859375,
      99.421875,
      99.6875,
      99.8203125,
      99.8046875,
      99.9140625,
      99.9921875,
      100.0,
      100.0,
      100.0,
      100.0,
      100.0,
      100.0,
      100.0,
      100.0,
      100.0,
      100.0,
      100.0,
      100.0,
      100.0,
      100.0,
      100.0,
      100.0,
      100.0,
      100.0,
      100.0,
      100.0,
      100.0,
      100.0,
      100.0,
      100.0,
      100.0,
      100.0,
      100.0,
      100.0,
      100.0,
      100.0,
      100.0,
      100.0,
      100.0,
      100.0,
      100.0,
      100.0,
      100.0,
      100.0,
      100.0,
      100.0,
      100.0,
      100.0,
      100.0,
      100.0,
      100.0,
      100.0,
      100.0,
      100.0,
      100.0,
      100.0,
      100.0,
      100.0,
      100.0,
      100.0,
      100.0,
      100.0,
      100.0,
      100.0,
      100.0,
      100.0,
      100.0,
      100.0,
      100.0,
      100.0,
      100.0,
      100.0,
      100.0,
      100.0,
      100.0,
      100.0,
      100.0,
      100.0,
      100.0,
      100.0,
      100.0,
      100.0,
      100.0,
      100.0
    ],
    "test_loss": [
      1.769247920513153,
      1.5986980855464936,
      1.5396252810955047,
      1.3268628442287445,
      1.389279363155365,
      1.4962107157707214,
      1.7000442278385162,
      1.912888845205307,
      1.9770883011817932,
      2.4085912454128264,
      2.7260242927074434,
      2.5690684080123902,
      2.928775074481964,
      3.4056872975826264,
      3.4717816746234895,
      3.3732467460632325,
      3.629553748369217,
      3.7520464563369753,
      3.906465829610825,
      3.8067471039295198,
      3.9048395013809203,
      3.9213498878479003,
      4.210251526832581,
      4.56706059217453,
      4.743983085155487,
      4.848169593811035,
      4.923880257606506,
      4.98506933093071,
      5.040864509344101,
      5.093764539957046,
      5.143048380613327,
      5.189194397926331,
      5.232549902200699,
      5.273358680009842,
      5.312157981395721,
      5.352450164556504,
      5.387473182678223,
      5.421169223785401,
      5.453621287345886,
      5.48527624130249,
      5.515866918563843,
      5.546005833148956,
      5.575697360038757,
      5.604839577674865,
      5.634205572605133,
      5.6628281784057615,
      5.6914030146598815,
      5.719659321308136,
      5.747665989398956,
      5.775803604125977,
      5.802750606536865,
      5.8298811650276186,
      5.857177050113678,
      5.884012203216553,
      5.911013841629028,
      5.938219847679139,
      5.965069737434387,
      5.992323310375213,
      6.019193971157074,
      6.0459388995170595,
      6.073162512779236,
      6.099602379798889,
      6.125877511501312,
      6.152530100345611,
      6.1792590308189395,
      6.205058290958404,
      6.230937669277191,
      6.258055057525635,
      6.284475419521332,
      6.311441633701325,
      6.3369306945800785,
      6.3629576468467715,
      6.389588406085968,
      6.416086905002594,
      6.442322964668274,
      6.4684808993339535,
      6.495195894241333,
      6.5220908617973326,
      6.5487947225570675,
      6.57537474155426,
      6.601819300651551,
      6.628528432846069,
      6.656086547374725,
      6.683097553253174,
      6.711380763053894,
      6.740015690326691,
      6.768819334506989,
      6.797578864097595,
      6.826343934535981,
      6.854928679466248,
      6.883648076057434,
      6.912249646186829,
      6.940385272502899,
      6.968460426330567,
      6.9961075019836425,
      7.023952541351318,
      7.05117529630661,
      7.078764014244079,
      7.106116640567779,
      7.133401000499726
    ],