{
  "config": {
    "run_name": "exp1_2",
    "out_dir": "./results",
    "seed": 734672798,
    "device": null,
    "bs_train": 128,
    "bs_test": 32,
    "batches": 100,
    "epochs": 100,
    "early_stopping": 3,
    "checkpoints": null,
    "lr": 0.001,
    "reg": 0.001,
    "filters_per_layer": [
      32
    ],
    "layers_per_block": 4,
    "pool_every": 8,
    "hidden_dims": [
      1000,
      500,
      100
    ],
    "model_type": "cnn",
    "kw": {}
  },
  "results": {
    "num_epochs": 100,
    "train_loss": [
      2.046055282354355,
      1.6853715908527374,
      1.5046781146526336,
      1.3335152351856232,
      1.1796906572580337,
      1.0593510711193084,
      0.9250958204269409,
      0.7454196271300316,
      0.5860191604495049,
      0.4455268098413944,
      0.31489115074276924,
      0.2553672119230032,
      0.17091347677633167,
      0.08548867148347199,
      0.036081861704587936,
      0.02876623233780265,
      0.014969817285891623,
      0.014697998504852877,
      0.02206983264302835,
      0.013757775815029162,
      0.005010835317079909,
      0.0017362418201810215,
      0.0004967717812360207,
      0.0006974681507199421,
      0.00031336798885604365,
      5.28257655332709e-05,
      2.9007711618760367e-05,
      2.2276669465099986e-05,
      1.8255359418617444e-05,
      1.5354387865045283e-05,
      1.3192677054121304e-05,
      1.1488349502997153e-05,
      1.006605366455915e-05,
      8.849435594129319e-06,
      7.823861029692125e-06,
      6.931276167279066e-06,
      6.153524653882414e-06,
      5.485209200060126e-06,
      4.917255253076291e-06,
      4.427733013017132e-06,
      3.98094992078768e-06,
      3.5913816157062683e-06,
      3.2476512205903416e-06,
      2.9740122050725403e-06,
      2.7018692685487624e-06,
      2.4606431009033258e-06,
      2.224331410047853e-06,
      2.006393055467015e-06,
      1.8083549645098173e-06,
      1.6375003781377018e-06,
      1.4788079124627985e-06,
      1.3402866875367182e-06,
      1.21846337634679e-06,
      1.112816508737069e-06,
      1.0187642050141221e-06,
      9.349839919536863e-07,
      8.576575773133754e-07,
      7.904637010369697e-07,
      7.297702769903935e-07,
      6.75586648242188e-07,
      6.264134161426682e-07,
      5.815055412483616e-07,
      5.411610638361708e-07,
      5.033310971214178e-07,
      4.6914254838270606e-07,
      4.3824151717331007e-07,
      4.0901683718175263e-07,
      3.825860854789198e-07,
      3.5791551333375083e-07,
      3.3500511520401233e-07,
      3.136965712968731e-07,
      2.938129377128007e-07,
      2.752424557428412e-07,
      2.579664991486652e-07,
      2.416963639717551e-07,
      2.26618308758475e-07,
      2.1303036170650103e-07,
      1.997963114064305e-07,
      1.8725143718256732e-07,
      1.7608491326370767e-07,
      1.654678645834906e-07,
      1.5549342563758728e-07,
      1.4617090968727097e-07,
      1.3759344920316606e-07,
      1.2940714185560865e-07,
      1.2186344358511292e-07,
      1.1476677906685495e-07,
      1.0777255786464934e-07,
      1.0176553805862908e-07,
      9.606585312127436e-08,
      9.03568542653943e-08,
      8.515076846293823e-08,
      8.008438014073249e-08,
      7.571648293236421e-08,
      7.150690922941294e-08,
      6.75767325830634e-08,
      6.37024343852488e-08,
      6.022860423726684e-08,
      5.6950351758899844e-08,
      5.377454439070562e-08
    ],
    "train_acc": [
      23.546875,
      37.65625,
      44.59375,
      51.015625,
      57.0859375,
      62.4375,
      67.3515625,
      73.9296875,
      79.5546875,
      84.3046875,
      89.5390625,
      91.125,
      94.34375,
      97.203125,
      98.90625,
      99.15625,
      99.546875,
      99.6328125,
      99.4375,
      99.6640625,
      99.875,
      99.96875,
      100.0,
      99.9765625,
      99.9921875,
      100.0,
      100.0,
      100.0,
      100.0,
      100.0,
      100.0,
      100.0,
      100.0,
      100.0,
      100.0,
      100.0,
      100.0,
      100.0,
      100.0,
      100.0,
      100.0,
      100.0,
      100.0,
      100.0,
      100.0,
      100.0,
      100.0,
      100.0,
      100.0,
      100.0,
      100.0,
      100.0,
      100.0,
      100.0,
      100.0,
      100.0,
      100.0,
      100.0,
      100.0,
      100.0,
      100.0,
      100.0,
      100.0,
      100.0,
      100.0,
      100.0,
      100.0,
      100.0,
      100.0,
      100.0,
      100.0,
      100.0,
      100.0,
      100.0,
      100.0,
      100.0,
      100.0,
      100.0,
      100.0,
      100.0,
      100.0,
      100.0,
      100.0,
      100.0,
      100.0,
      100.0,
      100.0,
      100.0,
      100.0,
      100.0,
      100.0,
      100.0,
      100.0,
      100.0,
      100.0,
      100.0,
      100.0,
      100.0,
      100.0,
      100.0
    ],
    "test_loss": [
      1.7663971376419068,
      1.630355998277664,
      1.5045742166042329,
      1.4194381988048554,
      1.4140719836950302,
      1.3678948467969894,
      1.7074393379688262,
      1.7474339962005616,
      1.9018401032686234,
      2.082382000684738,
      2.1730605852603913,
      2.2140416622161867,
      2.3386015701293945,
      2.6613309597969055,
      3.1439936709403993,
      3.258855755329132,
      3.702037868499756,
      3.754086601734161,
      3.877597438097,
      3.945181245803833,
      3.938974739313126,
      4.081194162368774,
      4.360440893173218,
      4.6822380089759825,
      4.943582458496094,
      5.055599634647369,
      5.173304190635681,
      5.260859470367432,
      5.3317964339256285,
      5.3925838685035705,
      5.4474683547019955,
      5.500313665866852,
      5.550187551975251,
      5.599802649021148,
      5.644548530578613,
      5.691312630176544,
      5.735720796585083,
      5.77854012966156,
      5.820831685066223,
      5.8597742104530335,
      5.9019262313842775,
      5.93944840669632,
      5.976937661170959,
      6.013615980148315,
      6.049782221317291,
      6.0868884110450745,
      6.125307352542877,
      6.163781456947326,
      6.202550039291382,
      6.243537106513977,
      6.284761326313019,
      6.324487900733947,
      6.36494206905365,
      6.403584151268006,
      6.441281838417053,
      6.4793668913841245,
      6.516439044475556,
      6.553042299747467,
      6.588134832382202,
      6.623344378471375,
      6.6577654504776005,
      6.691750738620758,
      6.72520082950592,
      6.758236315250397,
      6.790597567558288,
      6.821879563331604,
      6.854085705280304,
      6.885165622234345,
      6.9154257535934445,
      6.947187032699585,
      6.977575654983521,
      7.007796754837036,
      7.038475387096405,
      7.069466173648834,
      7.0992182564735415,
      7.129601140022277,
      7.159679601192474,
      7.18918347120285,
      7.218954021930695,
      7.248269331455231,
      7.27794801235199,
      7.30688068151474,
      7.335722889900207,
      7.364494771957397,
      7.393346617221832,
      7.422146227359772,
      7.450320975780487,
      7.478414487838745,
      7.506350486278534,
      7.533670077323913,
      7.561817743778229,
      7.589423725605011,
      7.616249263286591,
      7.643337547779083,
      7.670102379322052,
      7.696889300346374,
      7.723535318374633,
      7.749841935634613,
      7.776174976825714,
      7.801735770702362
    ],