{
  "config": {
    "run_name": "exp1_2",
    "out_dir": "./results",
    "seed": 1368474220,
    "device": null,
    "bs_train": 128,
    "bs_test": 32,
    "batches": 100,
    "epochs": 100,
    "early_stopping": 3,
    "checkpoints": null,
    "lr": 0.001,
    "reg": 0.001,
    "filters_per_layer": [
      128
    ],
    "layers_per_block": 8,
    "pool_every": 8,
    "hidden_dims": [
      1000,
      500,
      100
    ],
    "model_type": "cnn",
    "kw": {}
  },
  "results": {
    "num_epochs": 31,
    "train_loss": [
      2.127546297311783,
      1.8926172828674317,
      1.753381725549698,
      1.5826883232593536,
      1.415146722793579,
      1.2627177906036378,
      1.1090366679430008,
      0.9102987211942672,
      0.7756344041228295,
      0.6316022235155105,
      0.5287674278020859,
      0.4529422307014465,
      0.36064553916454317,
      0.2596938794851303,
      0.14493952602148055,
      0.10682935366407037,
      0.09531520161777735,
      0.09282673513516784,
      0.05900949005037546,
      0.0535785521985963,
      0.04217336898902431,
      0.03171521158772521,
      0.027872440605424344,
      0.026352344628248828,
      0.020865199500403834,
      0.027262142070685513,
      0.023180434549576603,
      0.02261695255059749,
      0.024033168148598634,
      0.024558664937503635,
      0.029933547739638015
    ],
    "train_acc": [
      20.3046875,
      29.546875,
      34.375,
      40.7421875,
      47.921875,
      54.390625,
      59.859375,
      67.4765625,
      72.265625,
      77.8125,
      81.546875,
      84.953125,
      88.03125,
      91.6484375,
      95.140625,
      96.46875,
      96.953125,
      97.1640625,
      98.2265625,
      98.40625,
      98.6484375,
      99.015625,
      99.1484375,
      99.2421875,
      99.3359375,
      99.2109375,
      99.375,
      99.2890625,
      99.265625,
      99.234375,
      99.2265625
    ],
    "test_loss": [
      1.9684214079380036,
      1.8194082498550415,
      1.7014503383636475,
      1.5875900399684906,
      1.5843865311145782,
      1.4955259710550308,
      1.7029281413555146,
      1.7197916436195373,
      1.7315434944629668,
      1.9829489922523498,
      2.403568834066391,
      2.590194531083107,
      3.2518809640407564,
      2.792047907114029,
      3.517059473991394,
      3.6183520698547365,
      3.454560627937317,
      3.496713788509369,
      3.8534530425071716,
      3.436603208780289,
      3.552393383979797,
      3.8625708162784576,
      4.159856336116791,
      4.823599421977997,
      4.885072720050812,
      4.239469132423401,
      3.7094179677963255,
      4.7220522093772885,
      4.002182478904724,
      4.245349555015564,
      3.570914704799652
    ],
    "test_acc": [
      27.3125,
      33.84375,
      36.21875,
      42.4375,
      44.71875,
      49.0625,
      46.375,
      47.0625,
      45.21875,
      49.03125,
      47.0,
      47.65625,
      48.28125,
      48.34375,
      48.125,
      49.78125,
      49.4375,
      48.9375,
      48.65625,
      48.46875,
      47.59375,
      48.3125,
      48.4375,
      45.59375,
      46.53125,
      49.65625,
      49.5,
      48.53125,
      49.4375,
      48.21875,
      49.6875
    ]
  }
}