{
  "config": {
    "run_name": "exp1_2",
    "out_dir": "./results",
    "seed": 1858593427,
    "device": null,
    "bs_train": 128,
    "bs_test": 32,
    "batches": 100,
    "epochs": 100,
    "early_stopping": 3,
    "checkpoints": null,
    "lr": 0.001,
    "reg": 0.001,
    "filters_per_layer": [
      128
    ],
    "layers_per_block": 2,
    "pool_every": 8,
    "hidden_dims": [
      1000,
      500,
      100
    ],
    "model_type": "cnn",
    "kw": {}
  },
  "results": {
    "num_epochs": 32,
    "train_loss": [
      1.9460808658599853,
      1.5349599540233612,
      1.32133775472641,
      1.1376896375417709,
      0.9375867211818695,
      0.7403601011633874,
      0.5736693027615547,
      0.3771111534535885,
      0.26813898772001266,
      0.15570896066725254,
      0.11748656617477536,
      0.09039030240848661,
      0.036266425042413175,
      0.024843438044190407,
      0.027828294762875884,
      0.027003571107052267,
      0.02161986624938436,
      0.018656101850792764,
      0.013813279495807365,
      0.022025957602309063,
      0.03656050607096404,
      0.028318026296328753,
      0.024024246502667667,
      0.011327873422123958,
      0.009282273883000016,
      0.009514582938863895,
      0.00817204946099082,
      0.00743419457503478,
      0.004262929042379255,
      0.009252187714737374,
      0.022390074153372554,
      0.059731491738930345
    ],
    "train_acc": [
      27.1484375,
      43.8671875,
      52.328125,
      59.3984375,
      66.7109375,
      73.359375,
      79.8359375,
      87.0234375,
      90.828125,
      95.1484375,
      96.3359375,
      97.203125,
      98.8359375,
      99.265625,
      99.078125,
      99.1875,
      99.28125,
      99.4453125,
      99.6640625,
      99.390625,
      98.8515625,
      99.109375,
      99.2734375,
      99.6953125,
      99.671875,
      99.703125,
      99.7734375,
      99.734375,
      99.84375,
      99.71875,
      99.4140625,
      98.359375
    ],
    "test_loss": [
      1.7028718388080597,
      1.4995452868938446,
      1.3883308798074723,
      1.4144887769222259,
      1.6244431984424592,
      1.695005441904068,
      1.8157395327091217,
      1.9766534638404847,
      2.0802581560611726,
      2.5254804599285126,
      2.848531482219696,
      2.74188250541687,
      3.304462169408798,
      3.3977262103557586,
      3.4217107462882996,
      3.413585122823715,
      3.5765893864631653,
      3.454727153778076,
      3.6874780678749084,
      3.6250229942798615,
      3.744146736860275,
      3.546131772994995,
      3.5656603634357453,
      3.714208391904831,
      3.804589421749115,
      3.8962240767478944,
      4.066536350250244,
      4.040143823623657,
      4.1722221851348875,
      4.159163012504577,
      3.9736971747875214,
      3.707554510831833
    ],
    "test_acc": [
      38.59375,
      47.65625,
      51.875,
      51.15625,
      46.71875,
      48.90625,
      50.84375,
      51.78125,
      53.0625,
      51.21875,
      50.34375,
      52.28125,
      51.15625,
      51.15625,
      50.84375,
      50.9375,
      52.625,
      51.625,
      51.59375,
      50.90625,
      50.5625,
      50.5625,
      50.9375,
      52.0,
      53.3125,
      51.96875,
      50.96875,
      51.5625,
      50.875,
      51.25,
      49.40625,
      51.15625
    ]
  }
}