{
  "config": {
    "run_name": "exp1_2",
    "out_dir": "./results",
    "seed": 338563969,
    "device": null,
    "bs_train": 128,
    "bs_test": 32,
    "batches": 100,
    "epochs": 100,
    "early_stopping": 3,
    "checkpoints": null,
    "lr": 0.001,
    "reg": 0.001,
    "filters_per_layer": [
      256
    ],
    "layers_per_block": 8,
    "pool_every": 8,
    "hidden_dims": [
      1000,
      500,
      100
    ],
    "model_type": "cnn",
    "kw": {}
  },
  "results": {
    "num_epochs": 31,
    "train_loss": [
      2.210002543926239,
      1.9479967892169952,
      1.7821110463142396,
      1.6381949949264527,
      1.5288713681697845,
      1.4024261045455932,
      1.2662745308876038,
      1.1404158544540406,
      1.0248593837022781,
      0.8345635741949081,
      0.671015285551548,
      0.5879285302758217,
      0.4871220986545086,
      0.3557402423769236,
      0.26459326580166814,
      0.1589711238630116,
      0.11479885790497064,
      0.08867724902927876,
      0.059921189923770726,
      0.06048635394312441,
      0.03884508599061519,
      0.026465663835406304,
      0.015123532509896905,
      0.018027026819181627,
      0.016196426026290282,
      0.026650083697168158,
      0.01754317555576563,
      0.010638622565893456,
      0.013532941993034911,
      0.018874754089920315,
      0.0202276919974247
    ],
    "train_acc": [
      15.625,
      28.5078125,
      34.1171875,
      39.7578125,
      43.9140625,
      48.7890625,
      53.96875,
      59.0546875,
      63.6328125,
      69.984375,
      76.5703125,
      80.640625,
      83.4453125,
      88.1640625,
      91.7578125,
      95.0078125,
      96.7890625,
      97.2421875,
      98.1953125,
      98.21875,
      98.8359375,
      99.3046875,
      99.515625,
      99.4765625,
      99.546875,
      99.2421875,
      99.484375,
      99.6484375,
      99.609375,
      99.5,
      99.40625
    ],
    "test_loss": [
      2.009375448226929,
      1.8870480382442474,
      1.6800784254074097,
      1.5705683612823487,
      1.511971937417984,
      1.4495693027973175,
      1.4665867066383362,
      1.568201423883438,
      1.5875318771600724,
      1.8518592429161072,
      2.06914492726326,
      2.6850721716880797,
      2.2753983402252196,
      2.3043508088588713,
      2.511022182703018,
      3.04169974565506,
      3.110465177297592,
      3.442032980918884,
      3.6714135992527006,
      3.8944618320465088,
      4.099549956321717,
      4.380496556758881,
      4.1520203018188475,
      3.963816161155701,
      4.627577979564666,
      3.9076406347751615,
      4.434797840118408,
      4.586245800256729,
      4.639061305522919,
      4.692017583847046,
      4.451676568984985
    ],
    "test_acc": [
      25.15625,
      32.375,
      38.21875,
      43.0,
      44.75,
      48.1875,
      49.5,
      44.28125,
      47.4375,
      46.4375,
      47.09375,
      47.0625,
      49.0,
      47.78125,
      48.21875,
      49.09375,
      50.75,
      48.78125,
      49.6875,
      49.53125,
      50.40625,
      50.0,
      51.5625,
      50.96875,
      51.40625,
      51.03125,
      50.8125,
      51.15625,
      52.96875,
      51.34375,
      52.03125
    ]
  }
}