{
  "config": {
    "run_name": "exp1_2",
    "out_dir": "./results",
    "seed": 1243663747,
    "device": null,
    "bs_train": 128,
    "bs_test": 32,
    "batches": 100,
    "epochs": 100,
    "early_stopping": 3,
    "checkpoints": null,
    "lr": 0.001,
    "reg": 0.001,
    "filters_per_layer": [
      256
    ],
    "layers_per_block": 2,
    "pool_every": 8,
    "hidden_dims": [
      1000,
      500,
      100
    ],
    "model_type": "cnn",
    "kw": {}
  },
  "results": {
    "num_epochs": 24,
    "train_loss": [
      2.043588126897812,
      1.652475608587265,
      1.4536671817302704,
      1.3135975182056427,
      1.207386679649353,
      1.0798796927928924,
      0.9555998975038529,
      0.8303129637241363,
      0.7056132075190544,
      0.622706218957901,
      0.5429972273111343,
      0.4520838925242424,
      0.3233919496834278,
      0.23670441552996635,
      0.20129868745803833,
      0.12271072827279568,
      0.07457280996255576,
      0.046896784231066704,
      0.03869275136850774,
      0.019939323314465584,
      0.013222394179319964,
      0.016393065699376166,
      0.021741622154368086,
      0.02689587727887556
    ],
    "train_acc": [
      24.8359375,
      39.65625,
      46.9609375,
      52.5859375,
      56.9296875,
      62.1484375,
      66.5546875,
      70.53125,
      75.3203125,
      77.7578125,
      81.0390625,
      84.5546875,
      88.890625,
      91.9765625,
      93.2578125,
      96.015625,
      97.671875,
      98.4140625,
      98.7578125,
      99.3515625,
      99.640625,
      99.53125,
      99.265625,
      99.0625
    ],
    "test_loss": [
      1.745204794406891,
      1.5582541227340698,
      1.4395544391870498,
      1.4195101821422578,
      1.3987901747226714,
      1.4159439086914063,
      1.5349685102701187,
      1.5853770500421525,
      1.6899186587333679,
      2.4387945663928985,
      2.1642762911319733,
      2.201918142437935,
      2.404857484102249,
      2.5468879342079163,
      2.983820937871933,
      3.039919182062149,
      3.193297383785248,
      3.4777995777130126,
      3.5478202366828917,
      3.9151043915748596,
      4.029864786863327,
      4.10414699792862,
      4.116042985916137,
      3.888782559633255
    ],
    "test_acc": [
      36.4375,
      44.28125,
      47.59375,
      50.0625,
      51.78125,
      52.65625,
      50.0625,
      51.0625,
      48.65625,
      42.15625,
      47.96875,
      48.0625,
      48.3125,
      49.125,
      47.125,
      48.28125,
      48.96875,
      48.5625,
      49.5625,
      48.34375,
      49.0,
      48.625,
      47.90625,
      48.0625
    ]
  }
}