{
  "config": {
    "run_name": "exp2",
    "out_dir": "./results",
    "seed": 430386062,
    "device": null,
    "bs_train": 128,
    "bs_test": 32,
    "batches": 100,
    "epochs": 100,
    "early_stopping": 3,
    "checkpoints": null,
    "lr": 0.001,
    "reg": 0.001,
    "filters_per_layer": [
      32,
      64,
      128
    ],
    "layers_per_block": 6,
    "pool_every": 8,
    "hidden_dims": [
      1000,
      500,
      100
    ],
    "model_type": "ycn",
    "kw": {}
  },
  "results": {
    "num_epochs": 38,
    "train_loss": [
      2.1964680111408232,
      1.8679845607280732,
      1.695132384300232,
      1.5610060167312623,
      1.442078448534012,
      1.2940381646156311,
      1.1740364235639573,
      1.055746238231659,
      0.9446260440349579,
      0.8052184253931045,
      0.6973822066187858,
      0.607703005373478,
      0.5342333310842514,
      0.4724872210621834,
      0.34924392387270925,
      0.25308331206440926,
      0.17560784056782722,
      0.12809769671410323,
      0.08908912803977728,
      0.0664105412736535,
      0.06961091229692101,
      0.06264043622650206,
      0.055896955970674754,
      0.04805759643670172,
      0.04385925305075943,
      0.040263392748311165,
      0.03519198748283088,
      0.04787975568324328,
      0.03740762230008841,
      0.03413100793841295,
      0.028421511373016982,
      0.03443135237321258,
      0.02021041523781605,
      0.028001158364349975,
      0.02240711799240671,
      0.02827272196300328,
      0.04322482282062992,
      0.04359698707761708
    ],
    "train_acc": [
      21.7890625,
      31.2890625,
      37.5078125,
      42.71875,
      47.140625,
      52.5625,
      57.515625,
      61.8515625,
      66.1015625,
      71.5234375,
      75.6796875,
      78.8671875,
      81.2265625,
      83.5625,
      88.078125,
      91.21875,
      94.2421875,
      95.7890625,
      96.9140625,
      97.8125,
      97.578125,
      97.953125,
      98.3203125,
      98.421875,
      98.6328125,
      98.734375,
      98.953125,
      98.5625,
      98.8125,
      98.953125,
      99.0078125,
      98.9375,
      99.4140625,
      99.125,
      99.2890625,
      99.203125,
      98.75,
      98.6484375
    ],
    "test_loss": [
      2.013441264629364,
      1.810227518081665,
      1.687005889415741,
      1.5991297745704651,
      1.5718084537982941,
      1.5973280930519105,
      1.5552472114562987,
      1.851210082769394,
      2.057232838869095,
      2.6693780386447905,
      3.2570565271377565,
      2.554153337478638,
      2.633288309574127,
      2.6718777632713318,
      2.8601593470573423,
      3.037944858074188,
      3.285159238576889,
      3.394153388738632,
      3.7735745918750765,
      4.147095153331756,
      4.129116401672364,
      4.171291441917419,
      4.315773537158966,
      4.3911882388591765,
      4.499463284015656,
      4.313510577678681,
      4.648647499084473,
      4.210389897823334,
      4.079170410633087,
      4.706619338989258,
      4.772470037937165,
      4.659180009365082,
      4.484023630619049,
      4.461296238899231,
      4.668667399883271,
      4.451438915729523,
      4.347451481819153,
      4.2619696140289305
    ],
    "test_acc": [
      27.0,
      34.15625,
      39.875,
      42.8125,
      43.34375,
      44.125,
      45.8125,
      42.375,
      41.375,
      39.53125,
      32.59375,
      41.59375,
      42.5,
      43.625,
      43.75,
      44.75,
      43.625,
      44.53125,
      43.71875,
      43.0625,
      44.0625,
      45.875,
      44.625,
      43.4375,
      45.0,
      45.75,
      45.1875,
      44.25,
      46.40625,
      44.84375,
      44.09375,
      43.9375,
      45.34375,
      45.25,
      45.28125,
      45.6875,
      44.3125,
      44.1875
    ]
  }
}