{
  "config": {
    "run_name": "exp2",
    "out_dir": "./results",
    "seed": 698558169,
    "device": null,
    "bs_train": 128,
    "bs_test": 32,
    "batches": 100,
    "epochs": 100,
    "early_stopping": 3,
    "checkpoints": null,
    "lr": 0.001,
    "reg": 0.001,
    "filters_per_layer": [
      32,
      64,
      128
    ],
    "layers_per_block": 12,
    "pool_every": 8,
    "hidden_dims": [
      1000,
      500,
      100
    ],
    "model_type": "ycn",
    "kw": {}
  },
  "results": {
    "num_epochs": 49,
    "train_loss": [
      2.215376124382019,
      1.952629532814026,
      1.835778397321701,
      1.7306560850143433,
      1.6351291072368621,
      1.5423286640644074,
      1.4556125497817993,
      1.3593551003932953,
      1.299954526424408,
      1.2483832156658172,
      1.2062426882982253,
      1.1676494151353836,
      1.0444884300231934,
      0.9212452936172485,
      0.8652208644151688,
      0.7280667692422866,
      0.6552855551242829,
      0.5657890239357948,
      0.5158127827942371,
      0.37054969251155856,
      0.2786361233890057,
      0.18637012258172037,
      0.15105358682572842,
      0.12684592835605144,
      0.09676075286231935,
      0.09035582529380917,
      0.08008041335269808,
      0.061627509938552975,
      0.05748226915486157,
      0.037734260845463725,
      0.027406597558874635,
      0.02169549128971994,
      0.019370477887568995,
      0.024065103842294776,
      0.02111098372726701,
      0.02525446725427173,
      0.024996747712139042,
      0.02802290775347501,
      0.02933788204391021,
      0.02520276223658584,
      0.0237621504731942,
      0.02494679814146366,
      0.030257434711093083,
      0.019533121577114797,
      0.021271693315939047,
      0.019531864583259447,
      0.031196650861529632,
      0.03288863100577146,
      0.033311635709251275
    ],
    "train_acc": [
      15.6875,
      23.6484375,
      28.3359375,
      32.96875,
      37.6640625,
      41.4765625,
      45.1875,
      49.3515625,
      51.5625,
      54.3828125,
      56.4296875,
      58.40625,
      62.703125,
      67.2265625,
      69.3984375,
      74.6015625,
      77.296875,
      80.546875,
      82.4609375,
      87.21875,
      90.78125,
      93.6953125,
      94.7734375,
      95.8671875,
      96.875,
      97.0390625,
      97.3671875,
      98.046875,
      98.2265625,
      98.8515625,
      99.2265625,
      99.375,
      99.3515625,
      99.1953125,
      99.28125,
      99.265625,
      99.21875,
      99.1015625,
      99.046875,
      99.25,
      99.1875,
      99.1171875,
      99.0546875,
      99.3203125,
      99.375,
      99.3203125,
      98.984375,
      98.921875,
      99.046875
    ],
    "test_loss": [
      2.0128668785095214,
      1.9135545766353608,
      1.8062833034992218,
      1.8709317970275878,
      1.764501621723175,
      1.9553872573375701,
      1.6889697742462157,
      2.562197678089142,
      1.660262942314148,
      1.614319314956665,
      2.288536968231201,
      2.093471624851227,
      2.0720424246788025,
      2.1129645812511444,
      1.942741663455963,
      1.940003752708435,
      2.0016009747982024,
      2.327666462659836,
      2.8078281092643738,
      3.169458248615265,
      3.102976003885269,
      3.33447850048542,
      3.4506030750274657,
      3.4114011216163633,
      3.673054600954056,
      3.7444305872917174,
      3.8117937016487122,
      4.36937873840332,
      4.028218940496445,
      3.9976320588588714,
      4.0987349855899815,
      4.435533226728439,
      4.803717743158341,
      4.733491487503052,
      4.766833987236023,
      4.515093114376068,
      5.116080515384674,
      4.781134350299835,
      4.635865468978881,
      4.532164940834045,
      4.622550704479218,
      4.7913667631149295,
      4.794976344108582,
      4.865362298488617,
      4.717632575035095,
      5.169957780838013,
      4.8929603481292725,
      4.778703956604004,
      4.487399907112121
    ],
    "test_acc": [
      23.25,
      25.4375,
      28.5625,
      33.21875,
      35.375,
      34.25,
      38.96875,
      32.5625,
      39.4375,
      40.15625,
      26.6875,
      32.0625,
      36.34375,
      36.25,
      39.15625,
      39.90625,
      40.65625,
      40.4375,
      41.0,
      41.53125,
      42.0,
      42.59375,
      43.84375,
      43.28125,
      43.5625,
      44.71875,
      42.78125,
      41.71875,
      44.125,
      44.53125,
      44.9375,
      43.78125,
      44.0625,
      44.0625,
      43.3125,
      44.46875,
      43.65625,
      43.8125,
      44.15625,
      45.0,
      44.84375,
      43.71875,
      45.21875,
      45.0625,
      44.28125,
      43.34375,
      43.40625,
      42.46875,
      44.09375
    ]
  }
}