{
  "config": {
    "run_name": "exp2",
    "out_dir": "./results",
    "seed": 1802732547,
    "device": null,
    "bs_train": 128,
    "bs_test": 32,
    "batches": 100,
    "epochs": 100,
    "early_stopping": 3,
    "checkpoints": null,
    "lr": 0.001,
    "reg": 0.001,
    "filters_per_layer": [
      32,
      64,
      128
    ],
    "layers_per_block": 6,
    "pool_every": 16,
    "hidden_dims": [
      1000,
      500,
      100
    ],
    "model_type": "ycn",
    "kw": {}
  },
  "results": {
    "num_epochs": 24,
    "train_loss": [
      2.317788360118866,
      2.3039796352386475,
      2.3035323882102965,
      2.303426594734192,
      2.3028533458709717,
      2.303101289272308,
      2.3032531571388244,
      2.302935538291931,
      2.3028164887428284,
      2.302440528869629,
      2.3024150133132935,
      2.302403929233551,
      2.302398979663849,
      2.302396605014801,
      2.302396159172058,
      2.3024420022964476,
      2.302394814491272,
      2.302394826412201,
      2.302394804954529,
      2.3023948764801023,
      2.3023948740959166,
      2.3023949551582334,
      2.302395007610321,
      2.3023950600624086
    ],
    "train_acc": [
      9.953125,
      9.8828125,
      10.03125,
      9.7890625,
      10.15625,
      9.8046875,
      10.34375,
      9.96875,
      9.9453125,
      9.796875,
      10.3515625,
      10.3515625,
      10.3515625,
      10.3515625,
      10.3515625,
      10.3984375,
      10.3515625,
      10.3515625,
      10.3515625,
      10.3515625,
      10.3515625,
      10.3515625,
      10.3515625,
      10.3515625
    ],
    "test_loss": [
      2.304293200969696,
      2.304061944484711,
      2.3024564504623415,
      2.3026360988616945,
      2.302545039653778,
      2.3024711537361147,
      2.302468001842499,
      2.3023312735557555,
      2.302448422908783,
      2.3024622797966003,
      2.3024793601036073,
      2.302493999004364,
      2.3025061297416687,
      2.302514605522156,
      2.3025207114219666,
      2.3025239181518553,
      2.302527196407318,
      2.3025294160842895,
      2.302531051635742,
      2.3025320076942446,
      2.302533142566681,
      2.3025336480140686,
      2.3025338149070738,
      2.3025340390205384
    ],
    "test_acc": [
      9.84375,
      10.125,
      10.46875,
      9.84375,
      9.84375,
      9.84375,
      9.84375,
      10.46875,
      9.84375,
      10.125,
      10.125,
      10.125,
      10.125,
      10.125,
      10.125,
      10.125,
      10.125,
      10.125,
      10.125,
      10.125,
      10.125,
      10.125,
      10.125,
      10.125
    ]
  }
}