{
  "config": {
    "run_name": "exp2",
    "out_dir": "./results",
    "seed": 1494305305,
    "device": null,
    "bs_train": 128,
    "bs_test": 32,
    "batches": 100,
    "epochs": 100,
    "early_stopping": 3,
    "checkpoints": null,
    "lr": 0.001,
    "reg": 0.001,
    "filters_per_layer": [
      32,
      64,
      128
    ],
    "layers_per_block": 3,
    "pool_every": 8,
    "hidden_dims": [
      1000,
      500,
      100
    ],
    "model_type": "ycn",
    "kw": {}
  },
  "results": {
    "num_epochs": 35,
    "train_loss": [
      1.896008344888687,
      1.5524968802928925,
      1.3827241325378419,
      1.2384341382980346,
      1.0903747248649598,
      0.9720114862918854,
      0.8429207211732864,
      0.7102802065014839,
      0.5709414663910866,
      0.4692924329638481,
      0.3916483971476555,
      0.288787085339427,
      0.19363599203526974,
      0.14827896051108838,
      0.09547077676281333,
      0.07958243916742504,
      0.07502263681031764,
      0.06266564502380788,
      0.05683051807805896,
      0.04813912943936884,
      0.04354670078027993,
      0.03230808709282428,
      0.043112131385132674,
      0.042999782341066745,
      0.03490496528102085,
      0.04540112942224368,
      0.03686450356850401,
      0.04214210356585681,
      0.04099999613245018,
      0.03671026166761294,
      0.032377355414209885,
      0.03109060280257836,
      0.03198009159765206,
      0.04067034995183349,
      0.04149145475588739
    ],
    "train_acc": [
      30.34375,
      42.6484375,
      49.953125,
      55.1015625,
      60.75,
      65.1953125,
      70.1171875,
      74.984375,
      80.0625,
      83.8125,
      86.7578125,
      90.2265625,
      93.625,
      95.2109375,
      96.96875,
      97.421875,
      97.59375,
      98.0546875,
      98.1640625,
      98.4453125,
      98.6953125,
      98.9453125,
      98.6328125,
      98.734375,
      98.9609375,
      98.4375,
      98.8046875,
      98.671875,
      98.8046875,
      98.96875,
      98.9609375,
      99.0,
      98.9921875,
      98.671875,
      98.7265625
    ],
    "test_loss": [
      1.8292683911323548,
      1.6740646696090697,
      1.6054414474964143,
      1.40221022605896,
      1.4338006687164306,
      1.5263164693117142,
      1.5710899484157563,
      1.574026978611946,
      1.824876002073288,
      1.8242013400793076,
      2.2832814586162566,
      2.474674279689789,
      2.483285715579987,
      2.434320843219757,
      2.4742872202396393,
      2.4762535703182222,
      2.5150592803955076,
      2.6328003752231597,
      2.630455805659294,
      2.7040248489379883,
      2.735642764568329,
      3.017517342567444,
      3.0215436100959776,
      2.7356227970123292,
      2.965398600101471,
      2.956113175153732,
      3.090965421199799,
      3.0822911834716797,
      2.9687929809093476,
      2.8955775797367096,
      3.256152918338776,
      3.123152666091919,
      3.0960064578056334,
      3.2769761300086975,
      2.852192962169647
    ],
    "test_acc": [
      35.25,
      43.34375,
      47.4375,
      50.0,
      49.0,
      49.875,
      49.46875,
      50.5625,
      48.59375,
      50.53125,
      48.65625,
      48.25,
      51.9375,
      53.0,
      52.21875,
      53.53125,
      52.75,
      53.09375,
      51.96875,
      53.09375,
      52.46875,
      52.5625,
      52.71875,
      53.9375,
      52.46875,
      52.4375,
      53.65625,
      52.96875,
      53.5625,
      52.5,
      51.40625,
      52.75,
      52.09375,
      50.40625,
      51.59375
    ]
  }
}