{
  "config": {
    "run_name": "exp2",
    "out_dir": "./results",
    "seed": 350101192,
    "device": null,
    "bs_train": 128,
    "bs_test": 32,
    "batches": 100,
    "epochs": 100,
    "early_stopping": 3,
    "checkpoints": null,
    "lr": 0.001,
    "reg": 0.001,
    "filters_per_layer": [
      32,
      64,
      128
    ],
    "layers_per_block": 3,
    "pool_every": 16,
    "hidden_dims": [
      1000,
      500,
      100
    ],
    "model_type": "ycn",
    "kw": {}
  },
  "results": {
    "num_epochs": 34,
    "train_loss": [
      2.3068732142448427,
      2.1052932381629943,
      1.9226098895072936,
      1.8222820925712586,
      1.7484924077987671,
      1.6476864314079285,
      1.526892259120941,
      1.3769692873954773,
      1.1726100265979766,
      0.964501011967659,
      0.7834645587205887,
      0.6077034026384354,
      0.48091511070728304,
      0.36637245811522007,
      0.2638536615669727,
      0.2049338508397341,
      0.17134707558900117,
      0.1343154124543071,
      0.12083184497430921,
      0.09442330336198211,
      0.08320555908605456,
      0.06652586142066866,
      0.05700722840265371,
      0.04994434782769531,
      0.054357142692897466,
      0.046360533270053565,
      0.04538077663397416,
      0.042483094006311145,
      0.04895203731954098,
      0.03586131091346033,
      0.029941912879585288,
      0.033228798492928036,
      0.04793663328862749,
      0.04875375099712983
    ],
    "train_acc": [
      9.921875,
      21.515625,
      28.9296875,
      33.5234375,
      35.84375,
      40.3046875,
      44.1796875,
      50.046875,
      57.515625,
      65.28125,
      72.234375,
      78.84375,
      83.453125,
      88.046875,
      91.0,
      93.4140625,
      94.484375,
      95.6640625,
      96.4140625,
      97.0546875,
      97.5703125,
      97.984375,
      98.171875,
      98.40625,
      98.2890625,
      98.5,
      98.6328125,
      98.7109375,
      98.7734375,
      98.9140625,
      99.0234375,
      98.9375,
      98.6328125,
      98.4140625
    ],
    "test_loss": [
      2.30082807302475,
      2.034350583553314,
      1.8589429676532745,
      1.7844378685951232,
      1.691106643676758,
      1.5996578752994537,
      1.5175684344768525,
      1.443806493282318,
      1.494224255681038,
      1.5871184372901916,
      1.798765242099762,
      2.174181640148163,
      2.4880302393436433,
      2.4879473888874055,
      2.8867591750621795,
      3.8065437054634095,
      3.6456081914901732,
      3.5831764721870423,
      3.7873277354240416,
      3.635080223083496,
      3.3149752378463746,
      3.151381027698517,
      3.4431978595256805,
      3.568242058753967,
      3.5263363921642306,
      3.5909007370471953,
      3.527989377975464,
      3.8788997519016264,
      3.490572612285614,
      3.3380461490154265,
      4.198362226486206,
      3.9262491154670713,
      3.697088310718536,
      3.7756063318252564
    ],
    "test_acc": [
      10.40625,
      24.5625,
      32.65625,
      36.40625,
      39.15625,
      42.84375,
      44.9375,
      48.75,
      49.15625,
      47.40625,
      48.46875,
      47.09375,
      47.34375,
      49.125,
      45.875,
      48.34375,
      47.09375,
      46.875,
      47.71875,
      49.34375,
      48.5,
      48.0625,
      47.9375,
      48.21875,
      48.65625,
      49.0625,
      49.0,
      47.09375,
      48.3125,
      49.53125,
      46.09375,
      47.59375,
      49.96875,
      48.53125
    ]
  }
}