{
  "config": {
    "run_name": "exp2",
    "out_dir": "./results",
    "seed": 1479735750,
    "device": null,
    "bs_train": 128,
    "bs_test": 32,
    "batches": 100,
    "epochs": 100,
    "early_stopping": 3,
    "checkpoints": null,
    "lr": 0.001,
    "reg": 0.001,
    "filters_per_layer": [
      32,
      64,
      128
    ],
    "layers_per_block": 9,
    "pool_every": 16,
    "hidden_dims": [
      1000,
      500,
      100
    ],
    "model_type": "ycn",
    "kw": {}
  },
  "results": {
    "num_epochs": 22,
    "train_loss": [
      2.304039783477783,
      2.3034303307533266,
      2.3030705094337462,
      2.3027237367630007,
      2.3026231503486634,
      2.3026359462738037,
      2.3025671672821044,
      2.30256870508194,
      2.3026243329048155,
      2.3025940442085266,
      2.3025823974609376,
      2.302619607448578,
      2.3025782084465027,
      2.3025702142715456,
      2.302437918186188,
      2.3024411010742187,
      2.302443127632141,
      2.3024279427528382,
      2.3024257707595823,
      2.3024634075164796,
      2.3025308060646057,
      2.302967789173126
    ],
    "train_acc": [
      9.84375,
      10.140625,
      10.0390625,
      10.2265625,
      10.1796875,
      10.1328125,
      10.3125,
      10.234375,
      10.296875,
      10.1015625,
      10.171875,
      10.171875,
      9.9921875,
      10.078125,
      10.3515625,
      10.3515625,
      10.3515625,
      10.3515625,
      10.3515625,
      10.3515625,
      10.1953125,
      10.328125
    ],
    "test_loss": [
      2.3027222609519957,
      2.3027097606658935,
      2.302618637084961,
      2.30264568567276,
      2.3026154685020446,
      2.3027233695983886,
      2.3026679968833923,
      2.3027252531051636,
      2.3027059721946714,
      2.302613847255707,
      2.3024844455718996,
      2.302566952705383,
      2.302609326839447,
      2.3025353956222534,
      2.302520225048065,
      2.302529957294464,
      2.3025285720825197,
      2.3025306272506714,
      2.302540533542633,
      2.3025320863723753,
      2.3025858211517334,
      2.3024946880340575
    ],
    "test_acc": [
      10.125,
      10.125,
      10.125,
      10.125,
      10.125,
      9.96875,
      9.96875,
      9.96875,
      9.96875,
      10.125,
      10.125,
      10.125,
      9.84375,
      10.125,
      10.125,
      10.125,
      10.125,
      10.125,
      10.125,
      10.125,
      10.125,
      10.125
    ]
  }
}