{
  "config": {
    "run_name": "exp2",
    "out_dir": "./results",
    "seed": 364860683,
    "device": null,
    "bs_train": 128,
    "bs_test": 32,
    "batches": 100,
    "epochs": 100,
    "early_stopping": 3,
    "checkpoints": null,
    "lr": 0.001,
    "reg": 0.001,
    "filters_per_layer": [
      32,
      64,
      128
    ],
    "layers_per_block": 12,
    "pool_every": 16,
    "hidden_dims": [
      1000,
      500,
      100
    ],
    "model_type": "ycn",
    "kw": {}
  },
  "results": {
    "num_epochs": 62,
    "train_loss": [
      2.303927502632141,
      2.3035204219818115,
      2.3029587626457215,
      2.302857973575592,
      2.3026561307907105,
      2.302579789161682,
      2.302617521286011,
      2.302615828514099,
      2.302568633556366,
      2.3025389170646666,
      2.3025170230865477,
      2.302522506713867,
      2.302504119873047,
      2.30250657081604,
      2.3025109720230104,
      2.3025091695785522,
      2.302489469051361,
      2.3024843525886536,
      2.3024863314628603,
      2.302483124732971,
      2.3024804830551147,
      2.3024721503257752,
      2.3024714589118958,
      2.302484493255615,
      2.30254798412323,
      2.302506237030029,
      2.302482352256775,
      2.3024656867980955,
      2.302464611530304,
      2.3024528193473817,
      2.302458710670471,
      2.302451853752136,
      2.3024513292312623,
      2.302451424598694,
      2.302445845603943,
      2.3024443554878236,
      2.3024452447891237,
      2.3024425411224367,
      2.302441337108612,
      2.3024441766738892,
      2.3024582982063295,
      2.3024406480789184,
      2.3024392890930176,
      2.302436800003052,
      2.3024352169036866,
      2.3024342918395995,
      2.302433683872223,
      2.302431709766388,
      2.302431483268738,
      2.302534761428833,
      2.575820949077606,
      2.302475049495697,
      2.302427809238434,
      2.302408230304718,
      2.3023996353149414,
      2.302395911216736,
      2.302394247055054,
      2.3023936438560484,
      2.3023934531211854,
      2.302393491268158,
      2.3023935461044314,
      2.302393665313721
    ],
    "train_acc": [
      9.7109375,
      9.84375,
      9.8515625,
      9.875,
      10.3515625,
      10.0625,
      9.9140625,
      9.984375,
      10.1171875,
      10.3203125,
      10.3515625,
      10.3515625,
      10.3515625,
      10.3515625,
      10.3515625,
      10.3515625,
      10.3515625,
      10.3515625,
      10.3515625,
      10.3515625,
      10.3515625,
      10.3515625,
      10.3515625,
      10.234375,
      10.265625,
      10.328125,
      10.3515625,
      10.3515625,
      10.3515625,
      10.3515625,
      10.3515625,
      10.3515625,
      10.3515625,
      10.3515625,
      10.3515625,
      10.3515625,
      10.3515625,
      10.3515625,
      10.3515625,
      10.3515625,
      10.3515625,
      10.3515625,
      10.3515625,
      10.3515625,
      10.3515625,
      10.3515625,
      10.3515625,
      10.3515625,
      10.3515625,
      10.0625,
      9.890625,
      10.2109375,
      10.2109375,
      10.1875,
      10.3515625,
      10.3515625,
      10.3515625,
      10.3515625,
      10.3515625,
      10.3515625,
      10.3515625,
      10.3515625
    ],
    "test_loss": [
      2.302856616973877,
      2.302411117553711,
      2.302590982913971,
      2.302577619552612,
      2.302596435546875,
      2.3026337146759035,
      2.3025693845748902,
      2.302537109851837,
      2.3025562882423403,
      2.30255811214447,
      2.3025593376159668,
      2.3025554895401,
      2.3025535249710085,
      2.302561366558075,
      2.302554247379303,
      2.3025668549537657,
      2.3025513100624084,
      2.302552065849304,
      2.3025531458854673,
      2.302551031112671,
      2.302557690143585,
      2.30254611492157,
      2.302550058364868,
      2.3025679779052735,
      2.3025726652145386,
      2.3025745797157287,
      2.302543420791626,
      2.3025340032577515,
      2.302540020942688,
      2.3025424003601076,
      2.3025495290756224,
      2.302543725967407,
      2.3025388669967652,
      2.3025417613983152,
      2.3025430607795716,
      2.30254332780838,
      2.3025464820861816,
      2.302545292377472,
      2.302541995048523,
      2.302545027732849,
      2.3025426697731017,
      2.3025394892692566,
      2.3025399613380433,
      2.302539975643158,
      2.3025397062301636,
      2.3025396776199343,
      2.3025392508506775,
      2.3025388407707212,
      2.3025383234024046,
      2.3025402140617373,
      2.302397277355194,
      2.3024124836921693,
      2.3024378848075866,
      2.3024624300003054,
      2.3024818444252015,
      2.302496750354767,
      2.30250782251358,
      2.3025156164169314,
      2.3025213408470155,
      2.3025248527526854,
      2.302528216838837,
      2.302529847621918
    ],
    "test_acc": [
      10.5,
      10.5,
      10.5,
      10.5,
      10.5,
      10.125,
      10.5,
      10.5,
      10.125,
      10.125,
      10.125,
      10.125,
      10.125,
      10.125,
      10.125,
      10.125,
      10.125,
      10.125,
      10.125,
      10.125,
      10.125,
      10.125,
      10.125,
      10.125,
      10.125,
      10.125,
      10.125,
      10.125,
      10.125,
      10.125,
      10.125,
      10.125,
      10.125,
      10.125,
      10.125,
      10.125,
      10.125,
      10.125,
      10.125,
      10.125,
      10.125,
      10.125,
      10.125,
      10.125,
      10.125,
      10.125,
      10.125,
      10.125,
      10.125,
      10.5,
      10.5,
      10.5,
      10.5,
      10.125,
      10.125,
      10.125,
      10.125,
      10.125,
      10.125,
      10.125,
      10.125,
      10.125
    ]
  }
}