{
  "config": {
    "run_name": "exp2",
    "out_dir": "./results",
    "seed": 1062645079,
    "device": null,
    "bs_train": 128,
    "bs_test": 32,
    "batches": 100,
    "epochs": 100,
    "early_stopping": 3,
    "checkpoints": null,
    "lr": 0.001,
    "reg": 0.001,
    "filters_per_layer": [
      32,
      64,
      128
    ],
    "layers_per_block": 9,
    "pool_every": 8,
    "hidden_dims": [
      1000,
      500,
      100
    ],
    "model_type": "ycn",
    "kw": {}
  },
  "results": {
    "num_epochs": 41,
    "train_loss": [
      2.1649246549606325,
      1.9194723308086394,
      1.7805515110492707,
      1.6767313551902772,
      1.5787974560260774,
      1.4804693961143494,
      1.3887928688526154,
      1.321148511171341,
      1.2204239052534103,
      1.1340441024303436,
      1.0831702679395676,
      1.011124913096428,
      0.916360673904419,
      0.8142116641998292,
      0.6663533678650856,
      0.5311407987773419,
      0.4529876460134983,
      0.3729807768762112,
      0.32647744931280614,
      0.27136367425322533,
      0.25666172057390213,
      0.21764702461659907,
      0.17323775395750998,
      0.11967842904850841,
      0.09292423027567566,
      0.06668902938254177,
      0.0572231594286859,
      0.05172834157943726,
      0.045708351954817775,
      0.028622237883973868,
      0.01941961661563255,
      0.017957322554429993,
      0.015555459778406657,
      0.014068545133050066,
      0.020577056006877682,
      0.027982905155513434,
      0.02624042538460344,
      0.012540943864150904,
      0.016965760551393032,
      0.024479254151810893,
      0.03266882077092305
    ],
    "train_acc": [
      19.453125,
      28.046875,
      32.9375,
      37.6484375,
      41.40625,
      45.6015625,
      49.8125,
      52.7265625,
      55.9140625,
      59.9453125,
      61.7109375,
      64.0390625,
      68.4140625,
      71.71875,
      76.390625,
      82.0546875,
      84.546875,
      87.2578125,
      89.078125,
      90.484375,
      91.3125,
      92.6953125,
      94.2265625,
      96.0078125,
      96.984375,
      97.75,
      98.1484375,
      98.2421875,
      98.4765625,
      99.0234375,
      99.421875,
      99.421875,
      99.5390625,
      99.5859375,
      99.3125,
      99.0703125,
      99.1953125,
      99.6328125,
      99.515625,
      99.234375,
      98.9609375
    ],
    "test_loss": [
      2.0387892615795136,
      1.8527266156673432,
      1.7691213476657868,
      1.7670324563980102,
      1.8914676713943481,
      1.9264958441257476,
      1.743431566953659,
      1.802091053724289,
      1.9658685851097106,
      1.8217549002170563,
      2.0972641098499296,
      2.404866820573807,
      2.126433104276657,
      2.143908284902573,
      2.0783475923538206,
      2.2760746729373933,
      2.31740815281868,
      2.4961520266532897,
      2.638065869808197,
      3.002455664873123,
      2.966227113008499,
      3.734736975431442,
      3.8045166862010955,
      3.976933434009552,
      4.024079537391662,
      4.161751397848129,
      4.2892637944221494,
      4.345290760993958,
      4.27717892408371,
      4.251389231681824,
      4.623906376361847,
      4.769971697330475,
      4.628874394893646,
      4.853096132278442,
      4.854069330692291,
      4.8029175531864166,
      4.640729143619537,
      4.870924451351166,
      5.216244349479675,
      4.664961202144623,
      4.584218156337738
    ],
    "test_acc": [
      22.21875,
      29.875,
      35.6875,
      34.53125,
      35.375,
      35.5,
      38.1875,
      37.71875,
      36.5,
      39.0625,
      39.0625,
      33.84375,
      36.125,
      39.65625,
      43.3125,
      41.84375,
      41.46875,
      42.6875,
      41.75,
      39.75,
      40.71875,
      40.6875,
      40.15625,
      41.59375,
      43.34375,
      43.9375,
      42.3125,
      43.1875,
      42.5625,
      44.28125,
      43.5625,
      44.1875,
      44.6875,
      43.75,
      42.65625,
      44.3125,
      44.40625,
      43.65625,
      44.71875,
      43.03125,
      41.21875
    ]
  }
}